"TL","DT","KB"
"DELTA-2026-09-28u-汇顶有无带扳机的固件.md","追加二十-汇顶有没有带扳机的固件.md","6.7"
"DELTA-2026-09-28o-39条命令语义读全.md","追加十四-39条命令语义读全·三条高危维护命令.md","12.6"
"DELTA-2026-09-28q-生态定论.md","追加十六-生态定论-主机触发触觉需要设备声明什么.md","10.3"
"DELTA-2026-09-28m-命令语义总表·加密区判定.md","追加十二-命令语义总表·加密区判定·两条新链路.md","11.1"
"DELTA-2026-09-28k-实测-32位读判否与字节序陷阱.md","追加十-实测-32位读判否与字节序陷阱.md","9.4"
"DELTA-2026-09-28s-规范级定论.md","追加十八-规范级定论-缺的就是那五条usage.md","8.4"
"DELTA-2026-09-28c-BIOS宿主侧协议与FMP包格式.md","BIOS宿主侧协议与FMP包格式.md","5.7"
"DELTA-2026-09-28j-审计-结论链漏洞与被忽略的通道.md","追加九-审计-结论链漏洞与被忽略的通道.md","19.5"
"DELTA-2026-09-29d-X9-15线收束与马达归属定案.md","追加二十六-X9-15线收束与马达归属定案.md","70.9"
"追加二十四-震动逻辑与固件修改目标.md","追加二十四-震动逻辑完整解出与固件修改目标.md","18"
"DELTA-2026-09-28t-蓝莓的主机通信与震动指令.md","追加十九-蓝莓的触控板如何与主机沟通.md","7"
"DELTA-2026-09-28w-汇顶触觉芯片与抓包价值.md","追加二十二-汇顶的触觉芯片不是扳机·抓包能回答什么.md","6.4"
"DELTA-2026-09-28l-仍可推进三项的收口.md","追加十一-仍可推进三项的收口.md","9.1"
"DELTA-2026-09-28r-三项纠正与厂商驱动结论.md","追加十七-三项纠正与厂商驱动扫描的结构性结论.md","7.9"
"DELTA-2026-09-28v-更正华为滑动震动不存在.md","追加二十一-更正-华为的滑动跟随震动不存在.md","7.3"
"DELTA-2026-09-28p-纯软件实测-强度写入零影响.md","追加十五-纯软件实测-强度写入零影响但反推转发通道存在.md","7.2"
"DELTA-2026-09-28n-硬件接入执行手册.md","追加十三-硬件接入执行手册（图纸·定义·连MCU·验证）.md","11.7"
"DELTA-2026-09-29c-震动线收口与明文镜像条件.md","追加二十五-震动线收口与明文镜像的准确条件.md","16.5"
"DELTA-2026-09-29a-官方源码定案-Yellowstone与flash分区表.md","追加二十三-官方源码定案-芯片代号Yellowstone与完整flash分区表.md","19.8"
