"KB","File","Risk","Items","Banner"
"17.6","00-★交接文档（先读这一份）.md","4","39条单线 / 无马达入口 / Cortex-M4F / 加密说","Y"
"44.1","00-触控板结论总表.md","6","0x5A来源 / 39条单线 / 无马达入口 / Cortex-M4F / 加密说 / 刷机三连","Y"
"8.7","00-统一入口-唯一权威索引.md","4","39条单线 / Cortex-M4F / 刷机三连 / Linux透传","Y"
"12.7","2026-10-01-从头理一遍-目标现状资产缺口.md","1","刷机三连","N"
"31.2","2026-10-01-跨工区文档矛盾排查报告.md","7","0x2C错用 / 39条单线 / 无马达入口 / Cortex-M4F / 加密说 / 刷机三连 / Linux透传","Y"
"202.4","2026-10-01-软件逆向全书-芯片固件主机控制.md","8","0x5A来源 / 39条单线 / 无马达入口 / SPB并列 / Cortex-M4F / 加密说 / 刷机三连 / Linux透传","N"
"33.6","2026-10-01-软件逆向与主机控制-全景报告.md","6","0x5A来源 / 39条单线 / 无马达入口 / SPB并列 / 加密说 / 刷机三连","Y"
"10.2","2026-10-01-AW86927业界用法-上游是主机I2C-地址0x5A.md","1","0x5A来源","N"
"19.8","2026-10-01-SPB客户端驱动架构判定与蓝莓对比.md","3","SPB并列 / 刷机三连 / Linux透传","N"
"12.5","汇总-2026-09-28.md","2","39条单线 / Linux透传","N"
"33.7","六附-白名单绕过补丁定案-iasl反编译.md","1","刷机三连","N"
"10.1","ANGLES-2026-09-28-其他角度评估.md","3","0x2C错用 / 39条单线 / Linux透传","N"
"11.6","BIOS-TEST-RESULT.md","1","加密说","N"
"42.6","COL04-BOUNDARY.md","2","39条单线 / 加密说","Y"
"10.9","DELTA-2026-09-27-BIOS-N1更正与GoodixTpDxe.md","3","39条单线 / Cortex-M4F / 加密说","Y"
"12.5","DELTA-2026-09-28d-Col02-feature可读与I2C收发未定位.md","1","Linux透传","N"
"5.7","DELTA-2026-09-28e-TF100A命令分派器与I2C链路.md","1","39条单线","N"
"7.8","DELTA-2026-09-28f-剩余可推进项与字节序卡点.md","1","39条单线","Y"
"26.5","DELTA-2026-09-28i-链路归属·帧层·命令全表与地址更正.md","2","39条单线 / 刷机三连","N"
"16.6","DELTA-2026-09-29b-震动逻辑与固件修改目标.md","2","39条单线 / 无马达入口","N"
"53.8","DELTA-2026-09-29f-X9-15模块研究计划.md","2","加密说 / 刷机三连","N"
"24.4","FINAL-CHAIN.md","2","39条单线 / 加密说","Y"
"29.9","HANDOVER.md","2","39条单线 / 加密说","Y"
"9.1","INVENTORY-2026-09-28-剩余可逆向面.md","2","加密说 / Linux透传","N"
"22.4","MASTER-CONSOLIDATION.md","2","39条单线 / 加密说","Y"
"14.4","NEXT-SESSION.md","3","39条单线 / 加密说 / 刷机三连","Y"
"50.6","PREFLIGHT-STATE.md","3","39条单线 / 加密说 / 刷机三连","N"
"18.4","SESSION-2026-09-14-PM.md","1","加密说","Y"
"63.7","STATUS.md","2","39条单线 / 刷机三连","Y"
"20.5","TOUCHPAD-RE-REPORT.md","2","加密说 / 刷机三连","N"
"46.8","VIB-REOPENED.md","2","39条单线 / Linux透传","Y"
"19.6","VIBRATION-CONCLUSION.md","2","加密说 / 刷机三连","N"
"38","VIBRATION-FORENSICS-2.md","1","39条单线","Y"
"17.2","WHY-NOT-VIBRATE.md","1","39条单线","Y"
"116.1","00-★交接文档-老线（先读这一份）.md","7","0x5A来源 / 39条单线 / 无马达入口 / Cortex-M4F / 加密说 / 刷机三连 / Linux透传","Y"
"60.6","00-触控板结论总表.md","6","0x5A来源 / 39条单线 / 无马达入口 / Cortex-M4F / 加密说 / 刷机三连","Y"
"12.9","触控板-三项离线分析结果.md","1","刷机三连","Y"
"34.9","触控板-剩余可推进项与字节序卡点.md","1","39条单线","N"
"13.2","触控板固件反汇编-TF100A.md","3","39条单线 / Cortex-M4F / 加密说","Y"
"12.1","触控板vendor通道与EC访问机制.md","1","39条单线","N"
"17.5","进度复核-结论逻辑关系与进度评估.md","3","39条单线 / 加密说 / 刷机三连","N"
"27.7","追加八-TF100A链路·帧层·命令全表与地址体系更正.md","2","39条单线 / 刷机三连","N"
"8.5","追加二十八-GT7868Q加扰定性复核-不是强密码而是1KiB周期弱加扰.md","1","加密说","N"
"6.4","追加二十二-汇顶的触觉芯片不是扳机·抓包能回答什么.md","1","39条单线","N"
"13","追加二十九-路线A①只读0x2218判定与厂商内存窗口定性.md","1","加密说","N"
"70.9","追加二十六-X9-15线收束与马达归属定案.md","4","39条单线 / 无马达入口 / 加密说 / Linux透传","Y"
"56.7","追加二十七-§五判据定案-TF100A不是I2C主机.md","3","39条单线 / 加密说 / 刷机三连","Y"
"19.8","追加二十三-官方源码定案-芯片代号Yellowstone与完整flash分区表.md","2","39条单线 / 加密说","N"
"18","追加二十四-震动逻辑完整解出与固件修改目标.md","3","39条单线 / 无马达入口 / 加密说","Y"
"16.5","追加二十五-震动线收口与明文镜像的准确条件.md","3","39条单线 / 无马达入口 / 加密说","Y"
"19.5","追加九-审计-结论链漏洞与被忽略的通道.md","2","39条单线 / 刷机三连","Y"
"9.5","追加三十-路线A③模型判别与锚点搜索-位置型变换成立但无锚点.md","1","加密说","N"
"14.7","追加三十二-明文固件内触觉定位尝试与GT9896同步解密.md","1","加密说","N"
"14.2","追加三十六-第十七轮-明文cfg子记录语法完全解开.md","1","加密说","N"
"65.1","追加三十七-第十八轮-加扰假设全面清算.md","3","Cortex-M4F / 加密说 / 刷机三连","Y"
"9.9","追加三十三-GT7868Q架构定案-Turbo51-8051兼容核.md","1","加密说","N"
"10.5","追加三十四-自查纠错-A③K泄漏是判据错误-同时拿到官方明文固件.md","1","加密说","N"
"12.7","追加三十五-第十六轮-K不是密钥-触觉参数改从明文cfg取.md","2","0x5A来源 / 加密说","Y"
"9.5","追加三十一-路线A③成功-GT7868Q加扰表完整恢复与明文固件解出.md","2","加密说 / 刷机三连","N"
"9.4","追加十-实测-32位读判否与字节序陷阱.md","1","刷机三连","N"
"11.1","追加十二-命令语义总表·加密区判定·两条新链路.md","3","39条单线 / 加密说 / 刷机三连","N"
"7","追加十九-蓝莓的触控板如何与主机沟通.md","2","39条单线 / 无马达入口","N"
"10.3","追加十六-生态定论-主机触发触觉需要设备声明什么.md","1","39条单线","N"
"7.9","追加十七-三项纠正与厂商驱动扫描的结构性结论.md","2","39条单线 / 无马达入口","N"
"11.7","追加十三-硬件接入执行手册（图纸·定义·连MCU·验证）.md","2","39条单线 / 刷机三连","N"
"12.6","追加十四-39条命令语义读全·三条高危维护命令.md","2","39条单线 / 刷机三连","N"
"7.2","追加十五-纯软件实测-强度写入零影响但反推转发通道存在.md","2","39条单线 / 无马达入口","N"
"9.1","追加十一-仍可推进三项的收口.md","2","39条单线 / 刷机三连","N"
"12.6","Col02-feature读取与I2C收发定位.md","1","Linux透传","N"
"5.8","TF100A命令分派器与I2C链路.md","1","39条单线","N"
"16","00-★交接文档-GXTP5100-新线.md","4","0x5A来源 / SPB并列 / 刷机三连 / Linux透传","Y"
"9.3","ROUND61-67_UEFI_CAPSULE_TRUTH.md","1","Linux透传","N"
"8.3","ROUND70_SPB_CONNECTION_ID_FOUND.md","2","0x5A来源 / 刷机三连","N"
