source,destination
"<LAB>\touchpad-lab\00-★交接文档（先读这一份）.md","<WORKSPACE>）__2.md"
"<LAB>\touchpad-lab\00-触控板结论总表.md","<WORKSPACE>"
"<LAB>\touchpad-lab\2026-10-01-SPB客户端驱动架构判定与蓝莓对比.md","<WORKSPACE>"
"<LAB>\touchpad-lab\2026-10-01-方案A-关闭安全机制扫I2C-操作手册.md","<WORKSPACE>"
"<LAB>\touchpad-lab\2026-10-01-跨工区文档矛盾排查报告.md","<WORKSPACE>"
"<LAB>\touchpad-lab\2026-10-01-软件逆向与主机控制-全景报告.md","<WORKSPACE>"
"<LAB>\touchpad-lab\2026-10-01-软件逆向全书-芯片固件主机控制.md","<WORKSPACE>"
"<LAB>\touchpad-lab\2026-10-02-EC收工总结-含一处自我推翻.md","<WORKSPACE>"
"<LAB>\touchpad-lab\2026-10-02-EC这条线-从蓝莓截图到可执行下一步.md","<WORKSPACE>"
"<LAB>\touchpad-lab\acpi_probe_result.txt","<WORKSPACE>"
"<LAB>\touchpad-lab\COL04-EXT-PROBE-PLAN.md","<WORKSPACE>"
"<LAB>\touchpad-lab\DELTA-2026-09-27-BIOS-N1更正与GoodixTpDxe.md","<WORKSPACE>"
"<LAB>\touchpad-lab\DELTA-2026-09-28-LRA驱动规格与自我更正.md","<WORKSPACE>"
"<LAB>\touchpad-lab\DELTA-2026-09-28g-收包路径完整解出与永远不相等作废.md","<WORKSPACE>"
"<LAB>\touchpad-lab\DELTA-2026-09-28h-触觉播放通路完整解出.md","<WORKSPACE>"
"<LAB>\touchpad-lab\DESIGN.md","<WORKSPACE>"
"<LAB>\touchpad-lab\ec_diff.ps1","<WORKSPACE>"
"<LAB>\touchpad-lab\ec_probe_result.txt","<WORKSPACE>"
"<LAB>\touchpad-lab\GXTP5100-HID-usage-report.md","<WORKSPACE>"
"<LAB>\touchpad-lab\HANDOVER.md","<WORKSPACE>"
"<LAB>\touchpad-lab\MASTER-CONSOLIDATION.md","<WORKSPACE>"
"<LAB>\touchpad-lab\NEXT-SESSION.md","<WORKSPACE>"
"<LAB>\touchpad-lab\SESSION-2026-09-14-PM.md","<WORKSPACE>"
"<LAB>\touchpad-lab\smbus_deep.ps1","<WORKSPACE>"
"<LAB>\touchpad-lab\smbus_deep_result.txt","<WORKSPACE>"
"<LAB>\touchpad-lab\smbus_probe_result.txt","<WORKSPACE>"
"<LAB>\touchpad-lab\TOUCHPAD-RE-REPORT.md","<WORKSPACE>"
"<LAB>\touchpad-lab\VIB-REOPENED.md","<WORKSPACE>"
"<LAB>\touchpad-lab\汇总-2026-09-28.md","<WORKSPACE>"
"<LAB>\touchpad-lab\进度复核-结论逻辑关系与进度评估.md","<WORKSPACE>"
"<LAB>\touchpad-lab\acpi\acpi_all\DSDT_LENOVO_CB-01_DSDT.dsl","<WORKSPACE>"
"<LAB>\touchpad-lab\driver-patch\edk2\TpadAcpiPatch.c","<WORKSPACE>"
"<LAB>\touchpad-lab\driver-patch\edk2\TpadAcpiProbe.c","<WORKSPACE>"
"<LAB>\touchpad-lab\driver-patch\standalone\build.log","<WORKSPACE>"
"<LAB>\touchpad-lab\driver-patch\standalone\build_oc_usb.py","<WORKSPACE>"
"<LAB>\touchpad-lab\driver-patch\standalone\miniefi.h","<WORKSPACE>"
"<LAB>\touchpad-lab\driver-patch\standalone\TpadAcpiPatch.c","<WORKSPACE>"
"<LAB>\touchpad-lab\driver-patch\standalone\TpadAcpiProbe.c","<WORKSPACE>"
"<LAB>\touchpad-lab\driver-patch\standalone\TpadBootTest.c","<WORKSPACE>"
"<LAB>\touchpad-lab\driver-patch\standalone\TpadBootTest_中文版_备份.c","<WORKSPACE>"
"<LAB>\touchpad-lab\driver-patch\standalone\TpadClear.c","<WORKSPACE>"
"<LAB>\touchpad-lab\driver-patch\standalone\TpadClear_中文版_备份.c","<WORKSPACE>"
"<LAB>\touchpad-lab\driver-patch\standalone\TpadInstall.c","<WORKSPACE>"
"<LAB>\touchpad-lab\linux\GUIDE-Linux-USB.md","<WORKSPACE>"
"<LAB>\touchpad-lab\poc\admin-col02-test.ps1","<WORKSPACE>"
"<LAB>\touchpad-lab\poc\aw86927-play.log","<WORKSPACE>"
"<LAB>\touchpad-lab\poc\cfg-body-map.py","<WORKSPACE>"
"<LAB>\touchpad-lab\poc\col04-burst.log","<WORKSPACE>"
"<LAB>\touchpad-lab\poc\diag-20260929-165110.txt","<WORKSPACE>"
"<LAB>\touchpad-lab\poc\diag-20260929-165140.txt","<WORKSPACE>"
"<LAB>\touchpad-lab\poc\dll-site.py","<WORKSPACE>"
"<LAB>\touchpad-lab\poc\ec-haptic-20261003-122133.txt","<WORKSPACE>"
"<LAB>\touchpad-lab\poc\ec-haptic-20261003-122247.txt","<WORKSPACE>"
"<LAB>\touchpad-lab\poc\ec-haptic-20261003-122337.txt","<WORKSPACE>"
"<LAB>\touchpad-lab\poc\ec-haptic-20261003-122410.txt","<WORKSPACE>"
"<LAB>\touchpad-lab\poc\ec-run-all.ps1","<WORKSPACE>"
"<LAB>\touchpad-lab\poc\ecb-test.py","<WORKSPACE>"
"<LAB>\touchpad-lab\poc\EC探针-怎么跑.md","<WORKSPACE>"
"<LAB>\touchpad-lab\poc\find8051.py","<WORKSPACE>"
"<LAB>\touchpad-lab\poc\find8051b.py","<WORKSPACE>"
"<LAB>\touchpad-lab\poc\gt7936l-analyze.py","<WORKSPACE>"
"<LAB>\touchpad-lab\poc\gt7936l-ptable.py","<WORKSPACE>"
"<LAB>\touchpad-lab\poc\gt7936l-regions.py","<WORKSPACE>"
"<LAB>\touchpad-lab\poc\gt7936l-struct.py","<WORKSPACE>"
"<LAB>\touchpad-lab\poc\gt7936l-table.py","<WORKSPACE>"
"<LAB>\touchpad-lab\poc\keystream-test.py","<WORKSPACE>"
"<LAB>\touchpad-lab\poc\parse-bili-reply.py","<WORKSPACE>"
"<LAB>\touchpad-lab\poc\pawnio_modsig_test.py","<WORKSPACE>"
"<LAB>\touchpad-lab\poc\plaintext-scan.py","<WORKSPACE>"
"<LAB>\touchpad-lab\poc\reg-diff-log.txt","<WORKSPACE>"
"<LAB>\touchpad-lab\poc\route-a-scramble-read.py","<WORKSPACE>"
"<LAB>\touchpad-lab\poc\run-ec-all.bat","<WORKSPACE>"
"<LAB>\touchpad-lab\poc\run-pawnio-modsig-test.bat","<WORKSPACE>"
"<LAB>\touchpad-lab\poc\scan-i2c2-i2c3.bat","<WORKSPACE>"
"<LAB>\touchpad-lab\poc\scan-i2c4-i2c5.bat","<WORKSPACE>"
"<LAB>\touchpad-lab\poc\threshold-probe-log.txt","<WORKSPACE>"
"<LAB>\touchpad-lab\poc\uia-thresh-log.txt","<WORKSPACE>"
"<LAB>\touchpad-lab\poc\wake-and-scan-i2c4.bat","<WORKSPACE>"
"<LAB>\touchpad-lab\poc\window-vs-container.py","<WORKSPACE>"
"<LAB>\touchpad-lab\poc\anchor-hunt\anchor_align.py","<WORKSPACE>"
"<LAB>\touchpad-lab\poc\anchor-hunt\anchor_test.py","<WORKSPACE>"
"<LAB>\touchpad-lab\poc\anchor-hunt\anchor_test2.py","<WORKSPACE>"
"<LAB>\touchpad-lab\poc\anchor-hunt\anchor_test3.py","<WORKSPACE>"
"<LAB>\touchpad-lab\poc\anchor-hunt\anchor_test4.py","<WORKSPACE>"
"<LAB>\touchpad-lab\poc\anchor-hunt\arch_8051_semantic.py","<WORKSPACE>"
"<LAB>\touchpad-lab\poc\anchor-hunt\arch_8051_test.py","<WORKSPACE>"
"<LAB>\touchpad-lab\poc\anchor-hunt\arch_all.py","<WORKSPACE>"
"<LAB>\touchpad-lab\poc\anchor-hunt\arch_probe.py","<WORKSPACE>"
"<LAB>\touchpad-lab\poc\anchor-hunt\boundary_recheck.py","<WORKSPACE>"
"<LAB>\touchpad-lab\poc\anchor-hunt\code_locate.py","<WORKSPACE>"
"<LAB>\touchpad-lab\poc\anchor-hunt\decrypt-log.txt","<WORKSPACE>"
"<LAB>\touchpad-lab\poc\anchor-hunt\decrypt_gt7868q.py","<WORKSPACE>"
"<LAB>\touchpad-lab\poc\anchor-hunt\disasm_8051.py","<WORKSPACE>"
"<LAB>\touchpad-lab\poc\anchor-hunt\disasm_8051_nz.py","<WORKSPACE>"
"<LAB>\touchpad-lab\poc\anchor-hunt\final-log.txt","<WORKSPACE>"
"<LAB>\touchpad-lab\poc\anchor-hunt\final_decrypt.py","<WORKSPACE>"
"<LAB>\touchpad-lab\poc\anchor-hunt\final_output.py","<WORKSPACE>"
"<LAB>\touchpad-lab\poc\anchor-hunt\gq_diag.py","<WORKSPACE>"
"<LAB>\touchpad-lab\poc\anchor-hunt\gq_disasm_direct.py","<WORKSPACE>"
"<LAB>\touchpad-lab\poc\anchor-hunt\gq_final_verdict.py","<WORKSPACE>"
"<LAB>\touchpad-lab\poc\anchor-hunt\gq_permute.py","<WORKSPACE>"
"<LAB>\touchpad-lab\poc\anchor-hunt\gq_structure.py","<WORKSPACE>"
"<LAB>\touchpad-lab\poc\anchor-hunt\gq_verdict.py","<WORKSPACE>"
"<LAB>\touchpad-lab\poc\anchor-hunt\gt9896_decrypt_diff.py","<WORKSPACE>"
"<LAB>\touchpad-lab\poc\anchor-hunt\gt9896_recheck.py","<WORKSPACE>"
"<LAB>\touchpad-lab\poc\anchor-hunt\haptic_clue.py","<WORKSPACE>"
"<LAB>\touchpad-lab\poc\anchor-hunt\header_parse.py","<WORKSPACE>"
"<LAB>\touchpad-lab\poc\anchor-hunt\kextract.py","<WORKSPACE>"
"<LAB>\touchpad-lab\poc\anchor-hunt\kleak_scan.py","<WORKSPACE>"
"<LAB>\touchpad-lab\poc\anchor-hunt\phase_hunt.py","<WORKSPACE>"
"<LAB>\touchpad-lab\poc\anchor-hunt\scan_code_regions.py","<WORKSPACE>"
"<LAB>\touchpad-lab\poc\anchor-hunt\strict_control.py","<WORKSPACE>"
"<LAB>\touchpad-lab\poc\anchor-hunt\tf100a_haptic.py","<WORKSPACE>"
"<LAB>\touchpad-lab\poc\anchor-hunt\twin_same_origin.py","<WORKSPACE>"
"<LAB>\touchpad-lab\poc\anchor-hunt\verify_k.py","<WORKSPACE>"
"<LAB>\touchpad-lab\poc\decrypt-v2\cfg_array.py","<WORKSPACE>"
"<LAB>\touchpad-lab\poc\decrypt-v2\cfg_body_align.py","<WORKSPACE>"
"<LAB>\touchpad-lab\poc\decrypt-v2\cfg_body_fmt.py","<WORKSPACE>"
"<LAB>\touchpad-lab\poc\decrypt-v2\cfg_body_tlv.py","<WORKSPACE>"
"<LAB>\touchpad-lab\poc\decrypt-v2\cfg_body_vs_cfg.py","<WORKSPACE>"
"<LAB>\touchpad-lab\poc\decrypt-v2\cfg_frame_headtohead.py","<WORKSPACE>"
"<LAB>\touchpad-lab\poc\decrypt-v2\cfg_hunt.py","<WORKSPACE>"
"<LAB>\touchpad-lab\poc\decrypt-v2\cfg_in_fw.py","<WORKSPACE>"
"<LAB>\touchpad-lab\poc\decrypt-v2\cfg_shape.py","<WORKSPACE>"
"<LAB>\touchpad-lab\poc\decrypt-v2\cfg_sid_parse.py","<WORKSPACE>"
"<LAB>\touchpad-lab\poc\decrypt-v2\cfg_sid_tlv2.py","<WORKSPACE>"
"<LAB>\touchpad-lab\poc\decrypt-v2\cfg_sid_tlv3.py","<WORKSPACE>"
"<LAB>\touchpad-lab\poc\decrypt-v2\cfg_sid_tlv4.py","<WORKSPACE>"
"<LAB>\touchpad-lab\poc\decrypt-v2\cfg_tlv_map.py","<WORKSPACE>"
"<LAB>\touchpad-lab\poc\decrypt-v2\code_locate2.py","<WORKSPACE>"
"<LAB>\touchpad-lab\poc\decrypt-v2\code_locate3.py","<WORKSPACE>"
"<LAB>\touchpad-lab\poc\decrypt-v2\cross_by_flash.py","<WORKSPACE>"
"<LAB>\touchpad-lab\poc\decrypt-v2\data_identity.py","<WORKSPACE>"
"<LAB>\touchpad-lab\poc\decrypt-v2\gt7936l_control.py","<WORKSPACE>"
"<LAB>\touchpad-lab\poc\decrypt-v2\hunt_aw86927.py","<WORKSPACE>"
"<LAB>\touchpad-lab\poc\decrypt-v2\isa_fingerprint.py","<WORKSPACE>"
"<LAB>\touchpad-lab\poc\decrypt-v2\isa_hunt_haptic.py","<WORKSPACE>"
"<LAB>\touchpad-lab\poc\decrypt-v2\known_tables.py","<WORKSPACE>"
"<LAB>\touchpad-lab\poc\decrypt-v2\period_or_zeros.py","<WORKSPACE>"
"<LAB>\touchpad-lab\poc\decrypt-v2\plain7876_link.py","<WORKSPACE>"
"<LAB>\touchpad-lab\poc\decrypt-v2\read_outer_cfg.py","<WORKSPACE>"
"<LAB>\touchpad-lab\poc\decrypt-v2\REPORT.txt","<WORKSPACE>"
"<LAB>\touchpad-lab\poc\decrypt-v2\semantics.py","<WORKSPACE>"
"<LAB>\touchpad-lab\poc\decrypt-v2\verify_isp_and_period.py","<WORKSPACE>"
"<LAB>\touchpad-lab\poc\decrypt-v2\verify_period_final.py","<WORKSPACE>"
"<LAB>\touchpad-lab\poc\hidprobe\etwcheck-output.txt","<WORKSPACE>"
"<LAB>\touchpad-lab\poc\hidprobe\hiddiag-output.txt","<WORKSPACE>"
"<LAB>\touchpad-lab\poc\hidprobe\_etwxml\haptic-toggle\x.xml","<WORKSPACE>"
"<LAB>\touchpad-lab\poc\probe-logs\col04-A1-realmachine-20260914.txt","<WORKSPACE>"
"<LAB>\touchpad-lab\poc\probe-logs\probe-L1-20260914-224500.log","<WORKSPACE>"
"<LAB>\touchpad-lab\poc\probe-logs\probe-L1-20260914-224742.log","<WORKSPACE>"
"<LAB>\touchpad-lab\poc\probe-logs\probe-L2-20260914-230400.log","<WORKSPACE>"
"<LAB>\touchpad-lab\poc\W1-r2\README-怎么跑.md","<WORKSPACE>"
"<LAB>\touchpad-lab\poc\W1-r2\step1-scan.bat","<WORKSPACE>"
"<LAB>\touchpad-lab\poc\_logs\ec-run-all-20261003-121324.log","<WORKSPACE>"
"<LAB>\touchpad-lab\poc\_logs\ec-run-all-20261003-122454.log","<WORKSPACE>"
"<LAB>\touchpad-lab\poc\_logs\etw-start.txt","<WORKSPACE>"
"<LAB>\touchpad-lab\poc\_logs\etw-stop.txt","<WORKSPACE>"
"<LAB>\touchpad-lab\poc\_logs\etw-stop2.txt","<WORKSPACE>"
"<LAB>\touchpad-lab\poc\_logs\scan-i2c2-3-console-output-20261003.txt","<WORKSPACE>"
"<LAB>\touchpad-lab\poc\_logs\_etw\haptic-toggle.csv","<WORKSPACE>"
"<LAB>\touchpad-lab\poc\_logs\_etw\haptic-toggle2.csv","<WORKSPACE>"
"<LAB>\touchpad-lab\poc\_logs\_etw\haptic-toggle2_etwxml\x.xml","<WORKSPACE>"
"<LAB>\touchpad-lab\re\acpi-iicb-scan.py","<WORKSPACE>"
"<LAB>\touchpad-lab\re\add-idx-26.py","<WORKSPACE>"
"<LAB>\touchpad-lab\re\add_doc_banners.py","<WORKSPACE>"
"<LAB>\touchpad-lab\re\aes_payload_audit.py","<WORKSPACE>"
"<LAB>\touchpad-lab\re\aes_payload_audit2.py","<WORKSPACE>"
"<LAB>\touchpad-lab\re\aes_payload_audit3.py","<WORKSPACE>"
"<LAB>\touchpad-lab\re\aes_payload_audit4.py","<WORKSPACE>"
"<LAB>\touchpad-lab\re\analyze_dell_tool.py","<WORKSPACE>"
"<LAB>\touchpad-lab\re\analyze_hellcat.py","<WORKSPACE>"
"<LAB>\touchpad-lab\re\analyze_scan.py","<WORKSPACE>"
"<LAB>\touchpad-lab\re\analyze_scan2.py","<WORKSPACE>"
"<LAB>\touchpad-lab\re\bootguard-check.py","<WORKSPACE>"
"<LAB>\touchpad-lab\re\carve_dup.py","<WORKSPACE>"
"<LAB>\touchpad-lab\re\ccer-hits.py","<WORKSPACE>"
"<LAB>\touchpad-lab\re\ccr-hits.py","<WORKSPACE>"
"<LAB>\touchpad-lab\re\codename_check.py","<WORKSPACE>"
"<LAB>\touchpad-lab\re\col04_boundary.py","<WORKSPACE>"
"<LAB>\touchpad-lab\re\col04_boundary2.py","<WORKSPACE>"
"<LAB>\touchpad-lab\re\col04_boundary3.py","<WORKSPACE>"
"<LAB>\touchpad-lab\re\col04_boundary4.py","<WORKSPACE>"
"<LAB>\touchpad-lab\re\col04_boundary5.py","<WORKSPACE>"
"<LAB>\touchpad-lab\re\dsdt-adr-assign.py","<WORKSPACE>"
"<LAB>\touchpad-lab\re\dsdt-crs-dump.py","<WORKSPACE>"
"<LAB>\touchpad-lab\re\find_btn.py","<WORKSPACE>"
"<LAB>\touchpad-lab\re\find_btn2.py","<WORKSPACE>"
"<LAB>\touchpad-lab\re\find_thresh.py","<WORKSPACE>"
"<LAB>\touchpad-lab\re\find_thresh2.py","<WORKSPACE>"
"<LAB>\touchpad-lab\re\flash_map.py","<WORKSPACE>"
"<LAB>\touchpad-lab\re\fw_rda.py","<WORKSPACE>"
"<LAB>\touchpad-lab\re\gpio-crl-scan.py","<WORKSPACE>"
"<LAB>\touchpad-lab\re\haptics-scan.py","<WORKSPACE>"
"<LAB>\touchpad-lab\re\hellcat_cmds.py","<WORKSPACE>"
"<LAB>\touchpad-lab\re\hellcat_notify.py","<WORKSPACE>"
"<LAB>\touchpad-lab\re\hellcat_seq.py","<WORKSPACE>"
"<LAB>\touchpad-lab\re\hellcat_switch.py","<WORKSPACE>"
"<LAB>\touchpad-lab\re\hellcat_write_sites.py","<WORKSPACE>"
"<LAB>\touchpad-lab\re\hellcat_xref.py","<WORKSPACE>"
"<LAB>\touchpad-lab\re\locate_now.py","<WORKSPACE>"
"<LAB>\touchpad-lab\re\locate_now2.py","<WORKSPACE>"
"<LAB>\touchpad-lab\re\lvfs_fw_analyze.py","<WORKSPACE>"
"<LAB>\touchpad-lab\re\map_check.py","<WORKSPACE>"
"<LAB>\touchpad-lab\re\parse_press.py","<WORKSPACE>"
"<LAB>\touchpad-lab\re\parse_press2.py","<WORKSPACE>"
"<LAB>\touchpad-lab\re\parse_press3.py","<WORKSPACE>"
"<LAB>\touchpad-lab\re\rosetta.py","<WORKSPACE>"
"<LAB>\touchpad-lab\re\rosetta2.py","<WORKSPACE>"
"<LAB>\touchpad-lab\re\tf100a-tim-write-scan.py","<WORKSPACE>"
"<LAB>\touchpad-lab\re\tool_blob_probe.py","<WORKSPACE>"
"<LAB>\touchpad-lab\re\tool_key_hunt.py","<WORKSPACE>"
"<LAB>\touchpad-lab\re\update-idx-26.py","<WORKSPACE>"
"<LAB>\touchpad-lab\re\vib_arch2.py","<WORKSPACE>"
"<LAB>\touchpad-lab\re\vib_bus.py","<WORKSPACE>"
"<LAB>\touchpad-lab\re\vib_handlers.py","<WORKSPACE>"
"<LAB>\touchpad-lab\re\vib_isr2.py","<WORKSPACE>"
"<LAB>\touchpad-lab\re\vib_lra_cmd.py","<WORKSPACE>"
"<LAB>\touchpad-lab\re\vib_mailbox.py","<WORKSPACE>"
"<LAB>\touchpad-lab\re\vib_reach3.py","<WORKSPACE>"
"<LAB>\touchpad-lab\re\vib_table.py","<WORKSPACE>"
"<LAB>\touchpad-lab\re\vib_transport.py","<WORKSPACE>"
"<LAB>\touchpad-lab\re\win_opcode_xref.py","<WORKSPACE>"
"<LAB>\touchpad-lab\re\win_strings.py","<WORKSPACE>"
"<LAB>\touchpad-lab\re\win_v1v2_link.py","<WORKSPACE>"
"<LAB>\touchpad-lab\re\win_vs_history.py","<WORKSPACE>"
"<LAB>\touchpad-lab\vendor\wiki\00-参考指南-蓝莓两个wiki合并索引.md","<WORKSPACE>"
"<LAB>\touchpad-lab\vendor\wiki\esp32-ptp\About-ELAN-TouchPad.md","<WORKSPACE>"
"<LAB>\touchpad-lab\vendor\wiki\esp32-ptp\About-ELAN-TrackPad.md","<WORKSPACE>"
"<LAB>\touchpad-lab\vendor\wiki\esp32-ptp\About-ESP32.md","<WORKSPACE>"
"<LAB>\touchpad-lab\vendor\wiki\esp32-ptp\About-Goodix-TouchPad.md","<WORKSPACE>"
"<LAB>\touchpad-lab\vendor\wiki\esp32-ptp\About-Goodix-TrackPad.md","<WORKSPACE>"
"<LAB>\touchpad-lab\vendor\wiki\esp32-ptp\Communication-Protocol.md","<WORKSPACE>"
"<LAB>\touchpad-lab\vendor\wiki\esp32-ptp\ELAN-Touchpad.md","<WORKSPACE>"
"<LAB>\touchpad-lab\vendor\wiki\esp32-ptp\ELAN-TrackPad.md","<WORKSPACE>"
"<LAB>\touchpad-lab\vendor\wiki\esp32-ptp\ESP32.md","<WORKSPACE>"
"<LAB>\touchpad-lab\vendor\wiki\esp32-ptp\Flags.md","<WORKSPACE>"
"<LAB>\touchpad-lab\vendor\wiki\esp32-ptp\Gesture-Recognition.md","<WORKSPACE>"
"<LAB>\touchpad-lab\vendor\wiki\esp32-ptp\Goodix-TouchPad.md","<WORKSPACE>"
"<LAB>\touchpad-lab\vendor\wiki\esp32-ptp\Goodix-TrackPad.md","<WORKSPACE>"
"<LAB>\touchpad-lab\vendor\wiki\esp32-ptp\Hardware.md","<WORKSPACE>"
"<LAB>\touchpad-lab\vendor\wiki\esp32-ptp\HID-Report-and-Touch-Event-Reporting.md","<WORKSPACE>"
"<LAB>\touchpad-lab\vendor\wiki\esp32-ptp\HID报文与触摸事件上报.md","<WORKSPACE>"
"<LAB>\touchpad-lab\vendor\wiki\esp32-ptp\Home.md","<WORKSPACE>"
"<LAB>\touchpad-lab\vendor\wiki\esp32-ptp\I2C-Over-HID-and-USB-HID.md","<WORKSPACE>"
"<LAB>\touchpad-lab\vendor\wiki\esp32-ptp\I2C-Over-HID、USB-HID.md","<WORKSPACE>、USB-HID.md"
"<LAB>\touchpad-lab\vendor\wiki\esp32-ptp\Introduction.md","<WORKSPACE>"
"<LAB>\touchpad-lab\vendor\wiki\esp32-ptp\Mode-Switching-between-PTP-&-Mouse.md","<WORKSPACE>"
"<LAB>\touchpad-lab\vendor\wiki\esp32-ptp\Mouse-Compatible-Mode.md","<WORKSPACE>"
"<LAB>\touchpad-lab\vendor\wiki\esp32-ptp\Optimization.md","<WORKSPACE>"
"<LAB>\touchpad-lab\vendor\wiki\esp32-ptp\Protocol-Communication-Logic.md","<WORKSPACE>"
"<LAB>\touchpad-lab\vendor\wiki\esp32-ptp\Reference.md","<WORKSPACE>"
"<LAB>\touchpad-lab\vendor\wiki\esp32-ptp\Setup-&-Configuration.md","<WORKSPACE>"
"<LAB>\touchpad-lab\vendor\wiki\esp32-ptp\Standard_SC.md","<WORKSPACE>"
"<LAB>\touchpad-lab\vendor\wiki\esp32-ptp\System-Tuning-Guidelines.md","<WORKSPACE>"
"<LAB>\touchpad-lab\vendor\wiki\esp32-ptp\TouchPad-Choosing.md","<WORKSPACE>"
"<LAB>\touchpad-lab\vendor\wiki\esp32-ptp\_Sidebar.md","<WORKSPACE>"
"<LAB>\touchpad-lab\vendor\wiki\esp32-ptp\优化.md","<WORKSPACE>"
"<LAB>\touchpad-lab\vendor\wiki\esp32-ptp\使用说明.md","<WORKSPACE>"
"<LAB>\touchpad-lab\vendor\wiki\esp32-ptp\参考资料.md","<WORKSPACE>"
"<LAB>\touchpad-lab\vendor\wiki\esp32-ptp\手势识别.md","<WORKSPACE>"
"<LAB>\touchpad-lab\vendor\wiki\esp32-ptp\标志位处理.md","<WORKSPACE>"
"<LAB>\touchpad-lab\vendor\wiki\esp32-ptp\硬件.md","<WORKSPACE>"
"<LAB>\touchpad-lab\vendor\wiki\esp32-ptp\简介.md","<WORKSPACE>"
"<LAB>\touchpad-lab\vendor\wiki\esp32-ptp\精确式触摸板&鼠标的模式切换.md","<WORKSPACE>"
"<LAB>\touchpad-lab\vendor\wiki\esp32-ptp\系统调优指南.md","<WORKSPACE>"
"<LAB>\touchpad-lab\vendor\wiki\esp32-ptp\触摸板选型.md","<WORKSPACE>"
"<LAB>\touchpad-lab\vendor\wiki\esp32-ptp\通信协议简介.md","<WORKSPACE>"
"<LAB>\touchpad-lab\vendor\wiki\esp32-ptp\通信逻辑.md","<WORKSPACE>"
"<LAB>\touchpad-lab\vendor\wiki\esp32-ptp\鼠标兼容模式.md","<WORKSPACE>"
"<LAB>\touchpad-lab\vendor\wiki\haptic\CS40L25预开发配置.md","<WORKSPACE>"
"<LAB>\touchpad-lab\vendor\wiki\haptic\Haptic-Driver.md","<WORKSPACE>"
"<LAB>\touchpad-lab\vendor\wiki\haptic\Haptic马达原理.md","<WORKSPACE>"
"<LAB>\touchpad-lab\vendor\wiki\haptic\Hardware-Guide.md","<WORKSPACE>"
"<LAB>\touchpad-lab\vendor\wiki\haptic\HID-Descriptor.md","<WORKSPACE>"
"<LAB>\touchpad-lab\vendor\wiki\haptic\HID-Descriptor破解.md","<WORKSPACE>"
"<LAB>\touchpad-lab\vendor\wiki\haptic\HID报文&触摸板运行模式破解.md","<WORKSPACE>"
"<LAB>\touchpad-lab\vendor\wiki\haptic\HID报文构建.md","<WORKSPACE>"
"<LAB>\touchpad-lab\vendor\wiki\haptic\HID报文解析.md","<WORKSPACE>"
"<LAB>\touchpad-lab\vendor\wiki\haptic\HID描述符.md","<WORKSPACE>"
"<LAB>\touchpad-lab\vendor\wiki\haptic\Home.md","<WORKSPACE>"
"<LAB>\touchpad-lab\vendor\wiki\haptic\PTP-Simulated-Mouse-Mode说明.md","<WORKSPACE>"
"<LAB>\touchpad-lab\vendor\wiki\haptic\README.md","<WORKSPACE>"
"<LAB>\touchpad-lab\vendor\wiki\haptic\README_CN.md","<WORKSPACE>"
"<LAB>\touchpad-lab\vendor\wiki\haptic\Reference.md","<WORKSPACE>"
"<LAB>\touchpad-lab\vendor\wiki\haptic\User-Manual.md","<WORKSPACE>"
"<LAB>\touchpad-lab\vendor\wiki\haptic\Waveform-Firmware配置&破解.md","<WORKSPACE>"
"<LAB>\touchpad-lab\vendor\wiki\haptic\_Sidebar.md","<WORKSPACE>"
"<LAB>\touchpad-lab\vendor\wiki\haptic\不同系统的多模式兼容.md","<WORKSPACE>"
"<LAB>\touchpad-lab\vendor\wiki\haptic\优化算法.md","<WORKSPACE>"
"<LAB>\touchpad-lab\vendor\wiki\haptic\使用说明.md","<WORKSPACE>"
"<LAB>\touchpad-lab\vendor\wiki\haptic\压力获取.md","<WORKSPACE>"
"<LAB>\touchpad-lab\vendor\wiki\haptic\压感系统端适配.md","<WORKSPACE>"
"<LAB>\touchpad-lab\vendor\wiki\haptic\原始内容与新增包装的对应关系.md","<WORKSPACE>"
"<LAB>\touchpad-lab\vendor\wiki\haptic\参考资料.md","<WORKSPACE>"
"<LAB>\touchpad-lab\vendor\wiki\haptic\标志位处理.md","<WORKSPACE>"
"<LAB>\touchpad-lab\vendor\wiki\haptic\硬件说明.md","<WORKSPACE>"
"<LAB>\touchpad-lab\vendor\wiki\haptic\系统调优.md","<WORKSPACE>"
"<LAB>\touchpad-lab\vendor\wiki\haptic\编译设置.md","<WORKSPACE>"
"<WORKSPACE>","<WORKSPACE>"
"<WORKSPACE>","<WORKSPACE>"
"<WORKSPACE>","<WORKSPACE>"
"<WORKSPACE>","<WORKSPACE>"
"<WORKSPACE>","<WORKSPACE>"
"<WORKSPACE>","<WORKSPACE>"
"<WORKSPACE>","<WORKSPACE>"
"<WORKSPACE>","<WORKSPACE>"
"<WORKSPACE>","<WORKSPACE>"
"<WORKSPACE>","<WORKSPACE>"
"<WORKSPACE>","<WORKSPACE>"
"<WORKSPACE>","<WORKSPACE>"
"<WORKSPACE>","<WORKSPACE>"
"<WORKSPACE>","<WORKSPACE>"
"<WORKSPACE>","<WORKSPACE>"
"<WORKSPACE>","<WORKSPACE>"
"<WORKSPACE>","<WORKSPACE>"
"<WORKSPACE>","<WORKSPACE>"
"<WORKSPACE>","<WORKSPACE>"
"<WORKSPACE>","<WORKSPACE>"
"<WORKSPACE>","<WORKSPACE>"
"<WORKSPACE>","<WORKSPACE>"
"<WORKSPACE>","<WORKSPACE>"
"<WORKSPACE>","<WORKSPACE>"
"<WORKSPACE>","<WORKSPACE>"
"<WORKSPACE>","<WORKSPACE>"
"<WORKSPACE>","<WORKSPACE>"
"<WORKSPACE>","<WORKSPACE>"
"<WORKSPACE>","<WORKSPACE>"
"<WORKSPACE>","<WORKSPACE>"
"<WORKSPACE>","<WORKSPACE>"
"<WORKSPACE>","<WORKSPACE>"
"<WORKSPACE>","<WORKSPACE>"
"<WORKSPACE>","<WORKSPACE>"
"<WORKSPACE>","<WORKSPACE>"
"<WORKSPACE>","<WORKSPACE>"
"<WORKSPACE>）.md","<WORKSPACE>）__2.md"
"<WORKSPACE>","<WORKSPACE>"
"<WORKSPACE>","<WORKSPACE>"
"<WORKSPACE>","<WORKSPACE>"
"<WORKSPACE>","<WORKSPACE>"
"<WORKSPACE>","<WORKSPACE>"
"<WORKSPACE>","<WORKSPACE>"
"<WORKSPACE>","<WORKSPACE>"
"<WORKSPACE>","<WORKSPACE>"
"<WORKSPACE>","<WORKSPACE>"
"<WORKSPACE>","<WORKSPACE>"
"<WORKSPACE>","<WORKSPACE>"
"<WORKSPACE>","<WORKSPACE>"
"<WORKSPACE>","<WORKSPACE>"
"<WORKSPACE>","<WORKSPACE>"
"<WORKSPACE>","<WORKSPACE>"
"<WORKSPACE>","<WORKSPACE>"
"<WORKSPACE>","<WORKSPACE>"
"<WORKSPACE>","<WORKSPACE>"
"<WORKSPACE>","<WORKSPACE>"
"<WORKSPACE>","<WORKSPACE>"
"<WORKSPACE>","<WORKSPACE>"
"<WORKSPACE>","<WORKSPACE>"
"<WORKSPACE>","<WORKSPACE>"
"<WORKSPACE>","<WORKSPACE>"
"<WORKSPACE>","<WORKSPACE>"
"<WORKSPACE>","<WORKSPACE>"
"<WORKSPACE>","<WORKSPACE>"
"<WORKSPACE>","<WORKSPACE>"
"<WORKSPACE>","<WORKSPACE>"
"<WORKSPACE>","<WORKSPACE>"
"<WORKSPACE>","<WORKSPACE>"
"<WORKSPACE>","<WORKSPACE>"
"<WORKSPACE>","<WORKSPACE>"
"<WORKSPACE>","<WORKSPACE>"
"<WORKSPACE>","<WORKSPACE>"
"<WORKSPACE>","<WORKSPACE>"
"<WORKSPACE>","<WORKSPACE>"
"<WORKSPACE>","<WORKSPACE>"
"<WORKSPACE>","<WORKSPACE>"
"<WORKSPACE>","<WORKSPACE>"
"<WORKSPACE>","<WORKSPACE>"
"<WORKSPACE>","<WORKSPACE>"
"<WORKSPACE>","<WORKSPACE>"
"<WORKSPACE>","<WORKSPACE>"
"<WORKSPACE>","<WORKSPACE>"
"<WORKSPACE>","<WORKSPACE>"
"<WORKSPACE>","<WORKSPACE>"
"<WORKSPACE>","<WORKSPACE>"
"<WORKSPACE>","<WORKSPACE>"
"<WORKSPACE>","<WORKSPACE>"
"<WORKSPACE>","<WORKSPACE>"
"<WORKSPACE>","<WORKSPACE>"
"<WORKSPACE>","<WORKSPACE>"
"<WORKSPACE>","<WORKSPACE>"
"<WORKSPACE>","<WORKSPACE>"
"<WORKSPACE>","<WORKSPACE>"
"<WORKSPACE>","<WORKSPACE>"
"<WORKSPACE>","<WORKSPACE>"
"<WORKSPACE>","<WORKSPACE>"
"<WORKSPACE>","<WORKSPACE>"
"<WORKSPACE>","<WORKSPACE>"
"<WORKSPACE>","<WORKSPACE>"
"<WORKSPACE>","<WORKSPACE>"
"<WORKSPACE>","<WORKSPACE>"
"<WORKSPACE>","<WORKSPACE>"
"<WORKSPACE>","<WORKSPACE>"
"<WORKSPACE>","<WORKSPACE>"
"<WORKSPACE>","<WORKSPACE>"
"<WORKSPACE>","<WORKSPACE>"
"<WORKSPACE>","<WORKSPACE>"
"<WORKSPACE>","<WORKSPACE>"
"<WORKSPACE>","<WORKSPACE>"
"<WORKSPACE>","<WORKSPACE>"
"<WORKSPACE>","<WORKSPACE>"
"<WORKSPACE>","<WORKSPACE>"
"<WORKSPACE>","<WORKSPACE>"
"<WORKSPACE>","<WORKSPACE>"
"<WORKSPACE>","<WORKSPACE>"
"<WORKSPACE>","<WORKSPACE>"
"<WORKSPACE>","<WORKSPACE>"
"<WORKSPACE>","<WORKSPACE>"
"<WORKSPACE>","<WORKSPACE>"
"<WORKSPACE>","<WORKSPACE>"
"<WORKSPACE>","<WORKSPACE>"
"<WORKSPACE>","<WORKSPACE>"
"<WORKSPACE>","<WORKSPACE>"
"<WORKSPACE>","<WORKSPACE>"
"<WORKSPACE>","<WORKSPACE>"
"<WORKSPACE>","<WORKSPACE>"
"<WORKSPACE>","<WORKSPACE>"
"<WORKSPACE>","<WORKSPACE>"
"<WORKSPACE>","<WORKSPACE>"
"<WORKSPACE>","<WORKSPACE>"
"<WORKSPACE>","<WORKSPACE>"
"<WORKSPACE>","<WORKSPACE>"
"<WORKSPACE>","<WORKSPACE>"
"<WORKSPACE>","<WORKSPACE>"
"<WORKSPACE>","<WORKSPACE>"
"<WORKSPACE>","<WORKSPACE>"
"<WORKSPACE>","<WORKSPACE>"
"<WORKSPACE>","<WORKSPACE>"
"<WORKSPACE>","<WORKSPACE>"
"<WORKSPACE>","<WORKSPACE>"
"<WORKSPACE>","<WORKSPACE>"
"<WORKSPACE>","<WORKSPACE>"
"<WORKSPACE>","<WORKSPACE>"
"<WORKSPACE>","<WORKSPACE>"
"<WORKSPACE>","<WORKSPACE>"
"<WORKSPACE>","<WORKSPACE>"
"<WORKSPACE>","<WORKSPACE>"
"<WORKSPACE>","<WORKSPACE>"
"<WORKSPACE>","<WORKSPACE>"
"<WORKSPACE>","<WORKSPACE>"
"<WORKSPACE>","<WORKSPACE>"
"<WORKSPACE>","<WORKSPACE>"
"<WORKSPACE>","<WORKSPACE>"
"<WORKSPACE>","<WORKSPACE>"
"<WORKSPACE>","<WORKSPACE>"
"<WORKSPACE>","<WORKSPACE>"
"<WORKSPACE>","<WORKSPACE>"
"<WORKSPACE>","<WORKSPACE>"
"<WORKSPACE>","<WORKSPACE>"
"<WORKSPACE>","<WORKSPACE>"
"<WORKSPACE>","<WORKSPACE>"
"<WORKSPACE>","<WORKSPACE>"
"<WORKSPACE>","<WORKSPACE>"
"<WORKSPACE>","<WORKSPACE>"
"<WORKSPACE>","<WORKSPACE>"
"<WORKSPACE>","<WORKSPACE>"
"<WORKSPACE>","<WORKSPACE>"
"<WORKSPACE>","<WORKSPACE>"
"<WORKSPACE>","<WORKSPACE>"
"<WORKSPACE>","<WORKSPACE>"
"<WORKSPACE>","<WORKSPACE>"
"<WORKSPACE>","<WORKSPACE>"
"<WORKSPACE>","<WORKSPACE>"
"<WORKSPACE>","<WORKSPACE>"
"<WORKSPACE>","<WORKSPACE>"
"<WORKSPACE>","<WORKSPACE>"
"<WORKSPACE>","<WORKSPACE>"
"<WORKSPACE>","<WORKSPACE>"
"<WORKSPACE>","<WORKSPACE>"
"<WORKSPACE>","<WORKSPACE>"
"<WORKSPACE>","<WORKSPACE>"
"<WORKSPACE>","<WORKSPACE>"
"<WORKSPACE>","<WORKSPACE>"
"<WORKSPACE>","<WORKSPACE>"
"<WORKSPACE>","<WORKSPACE>"
"<WORKSPACE>","<WORKSPACE>"
"<WORKSPACE>","<WORKSPACE>"
"<WORKSPACE>","<WORKSPACE>"
"<WORKSPACE>","<WORKSPACE>"
"<WORKSPACE>","<WORKSPACE>"
"<WORKSPACE>","<WORKSPACE>"
"<WORKSPACE>","<WORKSPACE>"
"<WORKSPACE>","<WORKSPACE>"
"<WORKSPACE>","<WORKSPACE>"
"<WORKSPACE>","<WORKSPACE>"
"<WORKSPACE>","<WORKSPACE>"
"<WORKSPACE>","<WORKSPACE>"
"<WORKSPACE>","<WORKSPACE>"
"<WORKSPACE>","<WORKSPACE>"
"<WORKSPACE>","<WORKSPACE>"
"<WORKSPACE>","<WORKSPACE>"
"<WORKSPACE>","<WORKSPACE>"
"<WORKSPACE>","<WORKSPACE>"
"<WORKSPACE>","<WORKSPACE>"
"<WORKSPACE>","<WORKSPACE>"
"<WORKSPACE>","<WORKSPACE>"
"<WORKSPACE>","<WORKSPACE>"
"<WORKSPACE>","<WORKSPACE>"
"<WORKSPACE>","<WORKSPACE>"
"<WORKSPACE>","<WORKSPACE>"
"<WORKSPACE>","<WORKSPACE>"
"<WORKSPACE>","<WORKSPACE>"
"<WORKSPACE>","<WORKSPACE>"
"<WORKSPACE>","<WORKSPACE>"
"<WORKSPACE>","<WORKSPACE>"
"<WORKSPACE>","<WORKSPACE>"
"<WORKSPACE>","<WORKSPACE>"
"<WORKSPACE>","<WORKSPACE>"
"<WORKSPACE>","<WORKSPACE>"
"<WORKSPACE>","<WORKSPACE>"
"<WORKSPACE>","<WORKSPACE>"
"<WORKSPACE>","<WORKSPACE>"
"<WORKSPACE>","<WORKSPACE>"
"<WORKSPACE>","<WORKSPACE>"
"<WORKSPACE>","<WORKSPACE>"
"<WORKSPACE>","<WORKSPACE>"
"<WORKSPACE>","<WORKSPACE>"
"<WORKSPACE>","<WORKSPACE>"
"<WORKSPACE>","<WORKSPACE>"
"<WORKSPACE>","<WORKSPACE>"
"<WORKSPACE>","<WORKSPACE>"
"<WORKSPACE>","<WORKSPACE>"
"<WORKSPACE>","<WORKSPACE>"
"<WORKSPACE>","<WORKSPACE>"
"<WORKSPACE>","<WORKSPACE>"
"<WORKSPACE>","<WORKSPACE>"
"<WORKSPACE>","<WORKSPACE>"
"<WORKSPACE>","<WORKSPACE>"
"<WORKSPACE>","<WORKSPACE>"
"<WORKSPACE>","<WORKSPACE>"
"<WORKSPACE>","<WORKSPACE>"
"<WORKSPACE>","<WORKSPACE>"
"<WORKSPACE>","<WORKSPACE>"
"<WORKSPACE>","<WORKSPACE>"
"<WORKSPACE>","<WORKSPACE>"
"<WORKSPACE>","<WORKSPACE>"
"<WORKSPACE>","<WORKSPACE>"
"<WORKSPACE>","<WORKSPACE>"
"<WORKSPACE>","<WORKSPACE>"
"<WORKSPACE>","<WORKSPACE>"
"<WORKSPACE>","<WORKSPACE>"
"<WORKSPACE>","<WORKSPACE>"
"<WORKSPACE>","<WORKSPACE>"
"<WORKSPACE>","<WORKSPACE>"
"<WORKSPACE>","<WORKSPACE>"
"<WORKSPACE>","<WORKSPACE>"
"<WORKSPACE>","<WORKSPACE>"
"<WORKSPACE>","<WORKSPACE>"
"<WORKSPACE>","<WORKSPACE>"
"<WORKSPACE>","<WORKSPACE>"
"<WORKSPACE>","<WORKSPACE>"
"<WORKSPACE>","<WORKSPACE>"
"<WORKSPACE>","<WORKSPACE>"
"<WORKSPACE>","<WORKSPACE>"
"<WORKSPACE>","<WORKSPACE>"
"<WORKSPACE>","<WORKSPACE>"
"<WORKSPACE>","<WORKSPACE>"
"<WORKSPACE>","<WORKSPACE>"
"<WORKSPACE>","<WORKSPACE>"
"<WORKSPACE>","<WORKSPACE>"
"<WORKSPACE>","<WORKSPACE>"
"<WORKSPACE>","<WORKSPACE>"
"<WORKSPACE>","<WORKSPACE>"
"<WORKSPACE>","<WORKSPACE>"
"<WORKSPACE>","<WORKSPACE>"
"<WORKSPACE>","<WORKSPACE>"
"<WORKSPACE>","<WORKSPACE>"
"<WORKSPACE>","<WORKSPACE>"
"<WORKSPACE>","<WORKSPACE>"
"<WORKSPACE>","<WORKSPACE>"
"<WORKSPACE>","<WORKSPACE>"
"<WORKSPACE>","<WORKSPACE>"
"<WORKSPACE>","<WORKSPACE>"
"<WORKSPACE>","<WORKSPACE>"
"<WORKSPACE>","<WORKSPACE>"
"<WORKSPACE>","<WORKSPACE>"
"<WORKSPACE>","<WORKSPACE>"
"<WORKSPACE>","<WORKSPACE>"
"<WORKSPACE>","<WORKSPACE>"
"<WORKSPACE>","<WORKSPACE>"
"<WORKSPACE>","<WORKSPACE>"
"<WORKSPACE>","<WORKSPACE>"
"<WORKSPACE>","<WORKSPACE>"
"<WORKSPACE>","<WORKSPACE>"
"<WORKSPACE>","<WORKSPACE>"
"<WORKSPACE>","<WORKSPACE>"
"<WORKSPACE>","<WORKSPACE>"
"<WORKSPACE>","<WORKSPACE>"
"<WORKSPACE>","<WORKSPACE>"
"<WORKSPACE>","<WORKSPACE>"
"<WORKSPACE>","<WORKSPACE>"
"<WORKSPACE>","<WORKSPACE>"
"<WORKSPACE>","<WORKSPACE>"
"<WORKSPACE>","<WORKSPACE>"
"<WORKSPACE>","<WORKSPACE>"
"<WORKSPACE>","<WORKSPACE>"
"<WORKSPACE>","<WORKSPACE>"
"<WORKSPACE>","<WORKSPACE>"
"<WORKSPACE>","<WORKSPACE>"
"<WORKSPACE>","<WORKSPACE>"
"<WORKSPACE>","<WORKSPACE>"
"<WORKSPACE>","<WORKSPACE>"
"<WORKSPACE>","<WORKSPACE>"
"<WORKSPACE>","<WORKSPACE>"
"<WORKSPACE>","<WORKSPACE>"
"<WORKSPACE>","<WORKSPACE>"
"<WORKSPACE>","<WORKSPACE>"
"<WORKSPACE>","<WORKSPACE>"
"<WORKSPACE>","<WORKSPACE>"
"<WORKSPACE>","<WORKSPACE>"
"<WORKSPACE>","<WORKSPACE>"
"<WORKSPACE>","<WORKSPACE>"
"<WORKSPACE>","<WORKSPACE>"
"<WORKSPACE>","<WORKSPACE>"
"<WORKSPACE>","<WORKSPACE>"
"<WORKSPACE>","<WORKSPACE>"
"<WORKSPACE>","<WORKSPACE>"
"<WORKSPACE>","<WORKSPACE>"
"<WORKSPACE>","<WORKSPACE>"
"<WORKSPACE>","<WORKSPACE>"
"<WORKSPACE>","<WORKSPACE>"
"<WORKSPACE>","<WORKSPACE>"
"<WORKSPACE>","<WORKSPACE>"
"<WORKSPACE>","<WORKSPACE>"
"<WORKSPACE>","<WORKSPACE>"
"<WORKSPACE>","<WORKSPACE>"
"<WORKSPACE>","<WORKSPACE>"
"<WORKSPACE>","<WORKSPACE>"
"<WORKSPACE>","<WORKSPACE>"
"<WORKSPACE>","<WORKSPACE>"
"<WORKSPACE>","<WORKSPACE>"
"<WORKSPACE>","<WORKSPACE>"
"<WORKSPACE>","<WORKSPACE>"
"<WORKSPACE>","<WORKSPACE>"
"<WORKSPACE>","<WORKSPACE>"
"<WORKSPACE>","<WORKSPACE>"
"<WORKSPACE>","<WORKSPACE>"
"<WORKSPACE>","<WORKSPACE>"
"<WORKSPACE>","<WORKSPACE>"
"<WORKSPACE>","<WORKSPACE>"
"<WORKSPACE>","<WORKSPACE>"
"<WORKSPACE>","<WORKSPACE>"
"<WORKSPACE>","<WORKSPACE>"
"<WORKSPACE>","<WORKSPACE>"
"<WORKSPACE>","<WORKSPACE>"
"<WORKSPACE>","<WORKSPACE>"
"<WORKSPACE>","<WORKSPACE>"
"<LAB>\00-★交接文档（先读这一份）.md","<WORKSPACE>）__2.md"
"<LAB>\00-触控板结论总表.md","<WORKSPACE>"
"<WORKSPACE>","<WORKSPACE>"
"<WORKSPACE>","<WORKSPACE>"
"<WORKSPACE>","<WORKSPACE>"
"<WORKSPACE>","<WORKSPACE>"
"<WORKSPACE>","<WORKSPACE>"
"<WORKSPACE>","<WORKSPACE>"
"<WORKSPACE>","<WORKSPACE>"
"<WORKSPACE>","<WORKSPACE>"
"<WORKSPACE>","<WORKSPACE>"
"<WORKSPACE>","<WORKSPACE>"
"<WORKSPACE>","<WORKSPACE>"
"<WORKSPACE>","<WORKSPACE>"
"<WORKSPACE>","<WORKSPACE>"
"<WORKSPACE>","<WORKSPACE>"
"<WORKSPACE>","<WORKSPACE>"
"<WORKSPACE>","<WORKSPACE>"
"<WORKSPACE>","<WORKSPACE>"
"<WORKSPACE>","<WORKSPACE>"
"<WORKSPACE>","<WORKSPACE>"
"<WORKSPACE>","<WORKSPACE>"
"<WORKSPACE>","<WORKSPACE>"
"<WORKSPACE>","<WORKSPACE>"
"<WORKSPACE>","<WORKSPACE>"
"<WORKSPACE>","<WORKSPACE>"
"<WORKSPACE>","<WORKSPACE>"
"<WORKSPACE>","<WORKSPACE>"
"<WORKSPACE>","<WORKSPACE>"
"<WORKSPACE>","<WORKSPACE>"
"<WORKSPACE>","<WORKSPACE>"
"<WORKSPACE>","<WORKSPACE>"
"<WORKSPACE>","<WORKSPACE>"
"<WORKSPACE>","<WORKSPACE>"
"<WORKSPACE>","<WORKSPACE>"
"<WORKSPACE>","<WORKSPACE>"
"<WORKSPACE>","<WORKSPACE>"
"<WORKSPACE>","<WORKSPACE>"
"<WORKSPACE>","<WORKSPACE>"
"<WORKSPACE>","<WORKSPACE>"
"<WORKSPACE>","<WORKSPACE>"
"<WORKSPACE>","<WORKSPACE>"
"<WORKSPACE>","<WORKSPACE>"
"<WORKSPACE>","<WORKSPACE>"
"<WORKSPACE>","<WORKSPACE>"
"<WORKSPACE>","<WORKSPACE>"
"<WORKSPACE>","<WORKSPACE>"
"<WORKSPACE>","<WORKSPACE>"
"<WORKSPACE>","<WORKSPACE>"
"<LAB>\ca4f-hunt\acpi_scan.py","<WORKSPACE>"
"<LAB>\ca4f-hunt\addr_table.py","<WORKSPACE>"
"<LAB>\ca4f-hunt\aw86927_detail.py","<WORKSPACE>"
"<LAB>\ca4f-hunt\dsdt_ctx.py","<WORKSPACE>"
"<LAB>\ca4f-hunt\gh_wiki.js","<WORKSPACE>"
"<LAB>\ca4f-hunt\i2c_addr.py","<WORKSPACE>"
"<LAB>\ca4f-hunt\marking_scan.py","<WORKSPACE>"
"<LAB>\ca4f-hunt\pdf_pages.py","<WORKSPACE>"
"<LAB>\ca4f-hunt\pdf_scan.py","<WORKSPACE>"
"<LAB>\ca4f-hunt\q1.js","<WORKSPACE>"
"<LAB>\ca4f-hunt\q2.js","<WORKSPACE>"
"<LAB>\ca4f-hunt\q3.js","<WORKSPACE>"
"<LAB>\ca4f-hunt\q4.js","<WORKSPACE>"
"<LAB>\ca4f-hunt\q5.js","<WORKSPACE>"
"<LAB>\ca4f-hunt\q6.js","<WORKSPACE>"
"<LAB>\ca4f-hunt\tbl3.py","<WORKSPACE>"
