source,already_as
"<LAB>\touchpad-lab\00-统一入口-唯一权威索引.md","docs\01-overview\lab__00-统一入口-唯一权威索引.md"
"<LAB>\touchpad-lab\2026-10-01-ACPI完整反编译-主机侧无触觉通路.md","docs\06-ec-acpi\lab__2026-10-01-ACPI完整反编译-主机侧无触觉通路.md"
"<LAB>\touchpad-lab\2026-10-01-AW86927业界用法-上游是主机I2C-地址0x5A.md","docs\05-i2c\lab__2026-10-01-AW86927业界用法-上游是主机I2C-地址0x5A.md"
"<LAB>\touchpad-lab\2026-10-01-TF100A输出端反向追溯.md","docs\03-firmware\lab__2026-10-01-TF100A输出端反向追溯.md"
"<LAB>\touchpad-lab\2026-10-01-两处归属错误裁定与全链证据分级.md","docs\08-findings\lab__2026-10-01-两处归属错误裁定与全链证据分级.md"
"<LAB>\touchpad-lab\2026-10-01-从头理一遍-目标现状资产缺口.md","docs\03-firmware\lab__2026-10-01-从头理一遍-目标现状资产缺口.md"
"<LAB>\touchpad-lab\2026-10-01-最终结论-纯软件路终止.md","docs\08-findings\lab__2026-10-01-最终结论-纯软件路终止.md"
"<LAB>\touchpad-lab\2026-10-02-主机侧有无触觉控制面-三条硬事实闭合.md","docs\04-host-control\lab__2026-10-02-主机侧有无触觉控制面-三条硬事实闭合.md"
"<LAB>\touchpad-lab\2026-10-02-微软官方触觉规范vs本机-纯设备发起板.md","docs\03-firmware\lab__2026-10-02-微软官方触觉规范vs本机-纯设备发起板.md"
"<LAB>\touchpad-lab\2026-10-02-给barryblueice的提问清单-波形固件怎么挖的.md","docs\03-firmware\lab__2026-10-02-给barryblueice的提问清单-波形固件怎么挖的.md"
"<LAB>\touchpad-lab\2026-10-02-载荷A深度解剖-4字节记录与空槽表.md","docs\03-firmware\lab__2026-10-02-载荷A深度解剖-4字节记录与空槽表.md"
"<LAB>\touchpad-lab\2026-10-03-方案A审计-漏洞清单与修正版流程.md","docs\08-findings\lab__2026-10-03-方案A审计-漏洞清单与修正版流程.md"
"<LAB>\touchpad-lab\2026-10-03-蓝莓新项目实证-总线定案-同构forcepad挖掘清单.md","docs\05-i2c\lab__2026-10-03-蓝莓新项目实证-总线定案-同构forcepad挖掘清单.md"
"<LAB>\touchpad-lab\acpi_probe.ps1","tools\acpi-ec\lab__acpi_probe.ps1"
"<LAB>\touchpad-lab\ANGLES-2026-09-28-其他角度评估.md","docs\08-findings\lab__ANGLES-2026-09-28-其他角度评估.md"
"<LAB>\touchpad-lab\BIOS-TEST-RESULT.md","docs\06-ec-acpi\lab__BIOS-TEST-RESULT.md"
"<LAB>\touchpad-lab\COL04-BOUNDARY.md","docs\07-hid\lab__COL04-BOUNDARY.md"
"<LAB>\touchpad-lab\DELTA-2026-09-28b-TF100A分层结构.md","docs\10-journal\lab__DELTA-2026-09-28b-TF100A分层结构.md"
"<LAB>\touchpad-lab\DELTA-2026-09-28d-Col02-feature可读与I2C收发未定位.md","docs\10-journal\lab__DELTA-2026-09-28d-Col02-feature可读与I2C收发未定位.md"
"<LAB>\touchpad-lab\DELTA-2026-09-28e-TF100A命令分派器与I2C链路.md","docs\10-journal\lab__DELTA-2026-09-28e-TF100A命令分派器与I2C链路.md"
"<LAB>\touchpad-lab\DELTA-2026-09-28f-剩余可推进项与字节序卡点.md","docs\10-journal\lab__DELTA-2026-09-28f-剩余可推进项与字节序卡点.md"
"<LAB>\touchpad-lab\DELTA-2026-09-28i-链路归属·帧层·命令全表与地址更正.md","docs\10-journal\lab__DELTA-2026-09-28i-链路归属·帧层·命令全表与地址更正.md"
"<LAB>\touchpad-lab\DELTA-2026-09-29b-震动逻辑与固件修改目标.md","docs\10-journal\lab__DELTA-2026-09-29b-震动逻辑与固件修改目标.md"
"<LAB>\touchpad-lab\DELTA-2026-09-29e-换装X9-15模块可行性核对.md","docs\10-journal\lab__DELTA-2026-09-29e-换装X9-15模块可行性核对.md"
"<LAB>\touchpad-lab\DELTA-2026-09-29f-X9-15模块研究计划.md","docs\10-journal\lab__DELTA-2026-09-29f-X9-15模块研究计划.md"
"<LAB>\touchpad-lab\ec_diff_result.txt","data\logs\lab__ec_diff_result.txt"
"<LAB>\touchpad-lab\ec_probe.ps1","tools\acpi-ec\lab__ec_probe.ps1"
"<LAB>\touchpad-lab\ec_probe_pawnio.ps1","tools\acpi-ec\lab__ec_probe_pawnio.ps1"
"<LAB>\touchpad-lab\FINAL-CHAIN.md","docs\08-findings\lab__FINAL-CHAIN.md"
"<LAB>\touchpad-lab\INCIDENT-2026-09-14-input-freeze.md","docs\09-safety\lab__INCIDENT-2026-09-14-input-freeze.md"
"<LAB>\touchpad-lab\INVENTORY-2026-09-28-剩余可逆向面.md","docs\08-findings\lab__INVENTORY-2026-09-28-剩余可逆向面.md"
"<LAB>\touchpad-lab\OUTREACH.md","docs\03-firmware\lab__OUTREACH.md"
"<LAB>\touchpad-lab\PREFLIGHT-STATE.md","docs\09-safety\lab__PREFLIGHT-STATE.md"
"<LAB>\touchpad-lab\run_ec_probe.bat","tools\acpi-ec\lab__run_ec_probe.bat"
"<LAB>\touchpad-lab\run_smbus_probe.bat","tools\i2c\lab__run_smbus_probe.bat"
"<LAB>\touchpad-lab\smbus_probe.ps1","tools\i2c\lab__smbus_probe.ps1"
"<LAB>\touchpad-lab\STATUS.md","docs\08-findings\lab__STATUS.md"
"<LAB>\touchpad-lab\VIBRATION-CONCLUSION.md","docs\03-firmware\lab__VIBRATION-CONCLUSION.md"
"<LAB>\touchpad-lab\VIBRATION-FORENSICS-2.md","docs\03-firmware\lab__VIBRATION-FORENSICS-2.md"
"<LAB>\touchpad-lab\WHY-NOT-VIBRATE.md","docs\03-firmware\lab__WHY-NOT-VIBRATE.md"
"<LAB>\touchpad-lab\_CORRUPTED-2026-10-01.md","docs\03-firmware\lab___CORRUPTED-2026-10-01.md"
"<LAB>\touchpad-lab\_dedup-manifest.csv","data\logs\lab___dedup-manifest.csv"
"<LAB>\touchpad-lab\_pnp_raw.txt","data\logs\lab___pnp_raw.txt"
"<LAB>\touchpad-lab\_risk-register.csv","data\logs\lab___risk-register.csv"
"<LAB>\touchpad-lab\六附-白名单绕过补丁定案-iasl反编译.md","docs\03-firmware\lab__六附-白名单绕过补丁定案-iasl反编译.md"
"<LAB>\touchpad-lab\acpi\aml_scan.py","tools\acpi-ec\lab__aml_scan.py"
"<LAB>\touchpad-lab\acpi\dsdt.bin","data\acpi\lab__dsdt.bin"
"<LAB>\touchpad-lab\acpi\dsdt_hex.txt","data\logs\lab__dsdt_hex.txt"
"<LAB>\touchpad-lab\acpi\dump_acpi_tables.py","tools\acpi-ec\lab__dump_acpi_tables.py"
"<LAB>\touchpad-lab\acpi\dump_acpi_tables2.py","tools\acpi-ec\lab__dump_acpi_tables2.py"
"<LAB>\touchpad-lab\acpi\iasl_decompile.log","data\logs\lab__iasl_decompile.log"
"<LAB>\touchpad-lab\acpi\scan_upstream.py","tools\acpi-ec\lab__scan_upstream.py"
"<LAB>\touchpad-lab\acpi\ssdt_LENOVO_CB-01____00000001.bin","data\acpi\lab__ssdt_LENOVO_CB-01____00000001.bin"
"<LAB>\touchpad-lab\acpi\acpi_all\DSDT_LENOVO_CB-01_DSDT.bin","data\acpi\lab__dsdt.bin"
"<LAB>\touchpad-lab\acpi\acpi_all\FACP_LENOVO_CB-01_FADT.bin","data\acpi\lab__FACP_LENOVO_CB-01_FADT.bin"
"<LAB>\touchpad-lab\acpi\acpi_all\SSDT_INTEL_TcssSsdt_SSDD.bin","data\acpi\lab__SSDT_INTEL_TcssSsdt_SSDD.bin"
"<LAB>\touchpad-lab\acpi\acpi_all\SSDT_LENOVO_CB-01_SSD1.bin","data\acpi\lab__SSDT_LENOVO_CB-01_SSD1.bin"
"<LAB>\touchpad-lab\acpi\acpi_all\SSDT_LENOVO_CB-01_SSD2.bin","data\acpi\lab__SSDT_LENOVO_CB-01_SSD2.bin"
"<LAB>\touchpad-lab\acpi\acpi_all\SSDT_LENOVO_CB-01_SSD3.bin","data\acpi\lab__SSDT_LENOVO_CB-01_SSD3.bin"
"<LAB>\touchpad-lab\acpi\acpi_all\SSDT_LENOVO_CB-01_SSD4.bin","data\acpi\lab__SSDT_LENOVO_CB-01_SSD4.bin"
"<LAB>\touchpad-lab\acpi\acpi_all\SSDT_LENOVO_CB-01_SSD5.bin","data\acpi\lab__SSDT_LENOVO_CB-01_SSD5.bin"
"<LAB>\touchpad-lab\acpi\acpi_all\SSDT_LENOVO_CB-01_SSD6.bin","data\acpi\lab__SSDT_LENOVO_CB-01_SSD6.bin"
"<LAB>\touchpad-lab\acpi\acpi_all\SSDT_LENOVO_CB-01_SSD7.bin","data\acpi\lab__SSDT_LENOVO_CB-01_SSD7.bin"
"<LAB>\touchpad-lab\acpi\acpi_all\SSDT_LENOVO_CB-01_SSD8.bin","data\acpi\lab__SSDT_LENOVO_CB-01_SSD8.bin"
"<LAB>\touchpad-lab\acpi\acpi_all\SSDT_LENOVO_CB-01_SSD9.bin","data\acpi\lab__SSDT_LENOVO_CB-01_SSD9.bin"
"<LAB>\touchpad-lab\acpi\acpi_all\SSDT_LENOVO_CB-01_SSDA.bin","data\acpi\lab__SSDT_LENOVO_CB-01_SSDA.bin"
"<LAB>\touchpad-lab\acpi\acpi_all\SSDT_LENOVO_CB-01_SSDB.bin","data\acpi\lab__SSDT_LENOVO_CB-01_SSDB.bin"
"<LAB>\touchpad-lab\acpi\acpi_all\SSDT_LENOVO_CB-01_SSDC.bin","data\acpi\lab__SSDT_LENOVO_CB-01_SSDC.bin"
"<LAB>\touchpad-lab\acpi\acpi_all\SSDT_LENOVO_CB-01_SSDE.bin","data\acpi\lab__SSDT_LENOVO_CB-01_SSDE.bin"
"<LAB>\touchpad-lab\acpi\acpi_all\SSDT_LENOVO_CB-01_SSDF.bin","data\acpi\lab__SSDT_LENOVO_CB-01_SSDF.bin"
"<LAB>\touchpad-lab\acpi\acpi_all\SSDT_LENOVO_CB-01_SSDG.bin","data\acpi\lab__SSDT_LENOVO_CB-01_SSDG.bin"
"<LAB>\touchpad-lab\acpi\acpi_all\SSDT_LENOVO_CB-01_SSDH.bin","data\acpi\lab__SSDT_LENOVO_CB-01_SSDH.bin"
"<LAB>\touchpad-lab\acpi\acpi_all\SSDT_LENOVO_CB-01_SSDI.bin","data\acpi\lab__SSDT_LENOVO_CB-01_SSDI.bin"
"<LAB>\touchpad-lab\acpi\acpi_all\SSDT_LENOVO_CB-01_SSDJ.bin","data\acpi\lab__SSDT_LENOVO_CB-01_SSDJ.bin"
"<LAB>\touchpad-lab\acpi\acpi_all\SSDT_LENOVO_CB-01_SSDK.bin","data\acpi\lab__SSDT_LENOVO_CB-01_SSDK.bin"
"<LAB>\touchpad-lab\acpi\acpi_all\SSDT_LENOVO_CB-01_SSDL.bin","data\acpi\lab__SSDT_LENOVO_CB-01_SSDL.bin"
"<LAB>\touchpad-lab\acpi\acpi_all\SSDT_LENOVO_CB-01_SSDM.bin","data\acpi\lab__SSDT_LENOVO_CB-01_SSDM.bin"
"<LAB>\touchpad-lab\acpi\acpi_all\SSDT_LENOVO_CB-01_SSDN.bin","data\acpi\lab__SSDT_LENOVO_CB-01_SSDN.bin"
"<LAB>\touchpad-lab\acpi\acpi_all\SSDT_LENOVO_CB-01_SSDO.bin","data\acpi\lab__SSDT_LENOVO_CB-01_SSDO.bin"
"<LAB>\touchpad-lab\acpi\acpi_all\SSDT_LENOVO_CB-01_SSDP.bin","data\acpi\lab__SSDT_LENOVO_CB-01_SSDP.bin"
"<LAB>\touchpad-lab\acpi\acpi_all\SSDT_LENOVO_CB-01_SSDQ.bin","data\acpi\lab__SSDT_LENOVO_CB-01_SSDQ.bin"
"<LAB>\touchpad-lab\acpi\acpi_all\SSDT_LENOVO_CB-01_SSDR.bin","data\acpi\lab__SSDT_LENOVO_CB-01_SSDR.bin"
"<LAB>\touchpad-lab\acpi\acpi_all\SSDT_LENOVO_CB-01_SSDS.bin","data\acpi\lab__SSDT_LENOVO_CB-01_SSDS.bin"
"<LAB>\touchpad-lab\acpi\acpi_all\SSDT_LENOVO_CB-01_SSDT.bin","data\acpi\lab__ssdt_LENOVO_CB-01____00000001.bin"
"<LAB>\touchpad-lab\acpi\acpi_all\XSDT_LENOVO_CB-01_RSDT.bin","data\acpi\lab__XSDT_LENOVO_CB-01_RSDT.bin"
"<LAB>\touchpad-lab\acpi\acpi_all\_scan_upstream.json","data\logs\lab___scan_upstream.json"
"<LAB>\touchpad-lab\acpi\acpi_all\_summary.json","data\logs\lab___summary.json"
"<LAB>\touchpad-lab\acpi\acpi_raw\DSDT_LENOVO_CB-01_00000001.bin","data\acpi\lab__dsdt.bin"
"<LAB>\touchpad-lab\acpi\acpi_raw\SSDT_LENOVO_CB-01_00000001.bin","data\acpi\lab__ssdt_LENOVO_CB-01____00000001.bin"
"<LAB>\touchpad-lab\acpi\acpi_raw\_summary.json","data\logs\lab___summary__2.json"
"<LAB>\touchpad-lab\acpi\tools\changes.txt","data\logs\lab__changes.txt"
"<LAB>\touchpad-lab\bios-re\ffs_scan.py","tools\bios\lab__ffs_scan.py"
"<LAB>\touchpad-lab\bios-re\GoodixTpDxe.asm.txt","data\logs\lab__GoodixTpDxe.asm.txt"
"<LAB>\touchpad-lab\bios-re\peripheral_use.py","tools\bios\lab__peripheral_use.py"
"<LAB>\touchpad-lab\bios-re\pe_dis.py","tools\bios\pe_dis.py"
"<LAB>\touchpad-lab\bios-re\TF100A_thumb.asm.txt","data\logs\lab__TF100A_thumb.asm.txt"
"<LAB>\touchpad-lab\bios-re\模块清单-389.txt","data\logs\lab__模块清单-389.txt"
"<LAB>\touchpad-lab\driver-patch\put_to_esp.bat","tools\firmware\lab__put_to_esp.bat"
"<LAB>\touchpad-lab\driver-patch\README.md","docs\01-overview\lab__README.md"
"<LAB>\touchpad-lab\driver-patch\standalone\build.bat","tools\firmware\lab__build.bat"
"<LAB>\touchpad-lab\driver-patch\standalone\deploy_oc.py","tools\firmware\lab__deploy_oc.py"
"<LAB>\touchpad-lab\driver-patch\standalone\deploy_usb.py","tools\firmware\lab__deploy_usb.py"
"<LAB>\touchpad-lab\driver-patch\standalone\deploy_usb_fix.py","tools\firmware\lab__deploy_usb_fix.py"
"<LAB>\touchpad-lab\driver-patch\standalone\fix_pe.py","tools\firmware\lab__fix_pe.py"
"<LAB>\touchpad-lab\driver-patch\standalone\put_to_esp.bat","tools\firmware\lab__put_to_esp__2.bat"
"<LAB>\touchpad-lab\driver-patch\standalone\verify_pe.py","tools\firmware\lab__verify_pe.py"
"<LAB>\touchpad-lab\dsdt-asl\DSDT_本机_21LD.bin","data\acpi\lab__DSDT_本机_21LD.bin"
"<LAB>\touchpad-lab\dsdt-asl\DSDT_本机_21LD.dsl","data\acpi\lab__DSDT_本机_21LD.dsl"
"<LAB>\touchpad-lab\dsdt-asl\SSDA_本机_21LD.dsl","data\acpi\lab__SSDA_本机_21LD.dsl"
"<LAB>\touchpad-lab\dsdt-asl\verify\DSDT_orig.aml","data\acpi\lab__dsdt.bin"
"<LAB>\touchpad-lab\dsdt-asl\verify\DSDT_patched_方案A.aml","data\acpi\lab__DSDT_patched_方案A.aml"
"<LAB>\touchpad-lab\dsdt-asl\verify\r_orig_0x00.txt","data\logs\lab__r_orig_0x00.txt"
"<LAB>\touchpad-lab\dsdt-asl\verify\r_orig_0xFF.txt","data\logs\lab__r_orig_0xFF.txt"
"<LAB>\touchpad-lab\dsdt-asl\verify\r_patched_0x00.txt","data\logs\lab__r_patched_0x00.txt"
"<LAB>\touchpad-lab\dsdt-asl\verify\r_patched_0xFF.txt","data\logs\lab__r_patched_0xFF.txt"
"<LAB>\touchpad-lab\gesture-lab\DumpPad.cs","tools\hid\lab__DumpPad.cs"
"<LAB>\touchpad-lab\gesture-lab\REPORT-LAYOUT.md","docs\03-firmware\lab__REPORT-LAYOUT.md"
"<LAB>\touchpad-lab\haptic-capability\HapticCap.cs","tools\hid\lab__HapticCap.cs"
"<LAB>\touchpad-lab\haptic-capability\probe-haptic.ps1","tools\analysis\lab__probe-haptic.ps1"
"<LAB>\touchpad-lab\haptic-capability\README.md","docs\01-overview\lab__README__2.md"
"<LAB>\touchpad-lab\linux\PROBE-COMMANDS.txt","data\logs\lab__PROBE-COMMANDS.txt"
"<LAB>\touchpad-lab\linux\probe.sh","tools\i2c\lab__probe.sh"
"<LAB>\touchpad-lab\linux\probe2.sh","tools\i2c\lab__probe2.sh"
"<LAB>\touchpad-lab\poc\aligned-read-log.txt","data\logs\lab__aligned-read-log.txt"
"<LAB>\touchpad-lab\poc\aligned-read-probe.ps1","tools\analysis\lab__aligned-read-probe.ps1"
"<LAB>\touchpad-lab\poc\AllCaps.cs","tools\hid\lab__AllCaps.cs"
"<LAB>\touchpad-lab\poc\analyze-diff.py","tools\analysis\lab__analyze-diff.py"
"<LAB>\touchpad-lab\poc\analyze-field.py","tools\analysis\lab__analyze-field.py"
"<LAB>\touchpad-lab\poc\analyze_container.py","tools\firmware\lab__analyze_container.py"
"<LAB>\touchpad-lab\poc\aw86927-saved.json","data\logs\lab__aw86927-saved.json"
"<LAB>\touchpad-lab\poc\aw86927-操作卡.txt","data\logs\lab__aw86927-操作卡.txt"
"<LAB>\touchpad-lab\poc\aw86927_play.py","tools\analysis\lab__aw86927_play.py"
"<LAB>\touchpad-lab\poc\backup-5B80-5BF0.json","data\logs\lab__backup-5B80-5BF0.json"
"<LAB>\touchpad-lab\poc\batch-read-A-log.txt","data\logs\lab__batch-read-A-log.txt"
"<LAB>\touchpad-lab\poc\batch-read-B-log.txt","data\logs\lab__batch-read-B-log.txt"
"<LAB>\touchpad-lab\poc\batch-read-C-log.txt","data\logs\lab__batch-read-C-log.txt"
"<LAB>\touchpad-lab\poc\batch-read.ps1","tools\analysis\lab__batch-read.ps1"
"<LAB>\touchpad-lab\poc\bgA.json","data\logs\lab__bgA.json"
"<LAB>\touchpad-lab\poc\bgB.json","data\logs\lab__bgB.json"
"<LAB>\touchpad-lab\poc\bgC.json","data\logs\lab__bgC.json"
"<LAB>\touchpad-lab\poc\calib-21-log.txt","data\logs\lab__calib-21-log.txt"
"<LAB>\touchpad-lab\poc\calib-21.ps1","tools\analysis\lab__calib-21.ps1"
"<LAB>\touchpad-lab\poc\catalog-candidates.json","data\logs\lab__catalog-candidates.json"
"<LAB>\touchpad-lab\poc\catalog-fetch.py","tools\analysis\lab__catalog-fetch.py"
"<LAB>\touchpad-lab\poc\catalog-grab.py","tools\analysis\lab__catalog-grab.py"
"<LAB>\touchpad-lab\poc\catalog-scan.py","tools\analysis\lab__catalog-scan.py"
"<LAB>\touchpad-lab\poc\child-A.txt","data\logs\lab__child-A.txt"
"<LAB>\touchpad-lab\poc\child-B.txt","data\logs\lab__child-B.txt"
"<LAB>\touchpad-lab\poc\child-C.txt","data\logs\lab__child-C.txt"
"<LAB>\touchpad-lab\poc\child-calib.txt","data\logs\lab__child-calib.txt"
"<LAB>\touchpad-lab\poc\child-cfgbody.txt","data\logs\lab__child-cfgbody.txt"
"<LAB>\touchpad-lab\poc\child-out.txt","data\logs\lab__child-out.txt"
"<LAB>\touchpad-lab\poc\child-out4.txt","data\logs\lab__child-out4.txt"
"<LAB>\touchpad-lab\poc\child-out5.txt","data\logs\lab__child-out5.txt"
"<LAB>\touchpad-lab\poc\child-out6.txt","data\logs\lab__child-out6.txt"
"<LAB>\touchpad-lab\poc\child-ver.txt","data\logs\lab__child-ver.txt"
"<LAB>\touchpad-lab\poc\cmd-scan-log.txt","data\logs\lab__cmd-scan-log.txt"
"<LAB>\touchpad-lab\poc\cmd-scan.ps1","tools\analysis\lab__cmd-scan.ps1"
"<LAB>\touchpad-lab\poc\col04-burst2.log","<WORKSPACE>"
"<LAB>\touchpad-lab\poc\col04-ext-probe.ps1","tools\hid\lab__col04-ext-probe.ps1"
"<LAB>\touchpad-lab\poc\col04-run.log","data\logs\lab__col04-run.log"
"<LAB>\touchpad-lab\poc\col04-run2.log","data\logs\lab__col04-run2.log"
"<LAB>\touchpad-lab\poc\col04-sniff-log.txt","data\logs\lab__col04-sniff-log.txt"
"<LAB>\touchpad-lab\poc\col04_caps.py","tools\hid\lab__col04_caps.py"
"<LAB>\touchpad-lab\poc\col04_io.py","tools\hid\lab__col04_io.py"
"<LAB>\touchpad-lab\poc\col04_read.py","tools\hid\lab__col04_read.py"
"<LAB>\touchpad-lab\poc\col04_send.py","tools\hid\lab__col04_send.py"
"<LAB>\touchpad-lab\poc\col04_sweep.py","tools\hid\lab__col04_sweep.py"
"<LAB>\touchpad-lab\poc\ColProbe.cs","tools\hid\lab__ColProbe.cs"
"<LAB>\touchpad-lab\poc\compare.py","tools\analysis\lab__compare.py"
"<LAB>\touchpad-lab\poc\crack_probe.py","tools\analysis\lab__crack_probe.py"
"<LAB>\touchpad-lab\poc\d1.json","data\logs\lab__d1.json"
"<LAB>\touchpad-lab\poc\d2.json","data\logs\lab__d2.json"
"<LAB>\touchpad-lab\poc\diff-A.txt","data\logs\lab__diff-A.txt"
"<LAB>\touchpad-lab\poc\diff-A1.txt","data\logs\lab__diff-A.txt"
"<LAB>\touchpad-lab\poc\diff-A2.txt","data\logs\lab__diff-A2.txt"
"<LAB>\touchpad-lab\poc\diff-B.txt","data\logs\lab__diff-B.txt"
"<LAB>\touchpad-lab\poc\diff-compare.mjs","tools\analysis\lab__diff-compare.mjs"
"<LAB>\touchpad-lab\poc\diff-probe-log.txt","data\logs\lab__diff-probe-log.txt"
"<LAB>\touchpad-lab\poc\diff-probe.ps1","tools\analysis\lab__diff-probe.ps1"
"<LAB>\touchpad-lab\poc\dissect_container.py","tools\firmware\lab__dissect_container.py"
"<LAB>\touchpad-lab\poc\dist-compare.py","tools\analysis\lab__dist-compare.py"
"<LAB>\touchpad-lab\poc\dll-disasm.py","tools\analysis\lab__dll-disasm.py"
"<LAB>\touchpad-lab\poc\dll-funcmap.py","tools\analysis\lab__dll-funcmap.py"
"<LAB>\touchpad-lab\poc\dll-rtti.py","tools\analysis\lab__dll-rtti.py"
"<LAB>\touchpad-lab\poc\dll-xref.py","tools\analysis\lab__dll-xref.py"
"<LAB>\touchpad-lab\poc\dual_phase.json","data\logs\lab__dual_phase.json"
"<LAB>\touchpad-lab\poc\dump-all-caps.ps1","tools\hid\lab__dump-all-caps.ps1"
"<LAB>\touchpad-lab\poc\dumpMid.json","data\logs\lab__dumpMid.json"
"<LAB>\touchpad-lab\poc\ec-haptic-latest.txt","<WORKSPACE>"
"<LAB>\touchpad-lab\poc\ec-haptic-probe.ps1","tools\acpi-ec\lab__ec-haptic-probe.ps1"
"<LAB>\touchpad-lab\poc\ec-selftest.ps1","tools\acpi-ec\lab__ec-selftest.ps1"
"<LAB>\touchpad-lab\poc\fast.json","data\logs\lab__fast.json"
"<LAB>\touchpad-lab\poc\fast2.json","data\logs\lab__fast2.json"
"<LAB>\touchpad-lab\poc\feat-write-test.ps1","tools\hid\lab__feat-write-test.ps1"
"<LAB>\touchpad-lab\poc\FeatProbe.cs","tools\hid\lab__FeatProbe.cs"
"<LAB>\touchpad-lab\poc\FeatVendor.cs","tools\hid\lab__FeatVendor.cs"
"<LAB>\touchpad-lab\poc\feat_read.py","tools\hid\lab__feat_read.py"
"<LAB>\touchpad-lab\poc\find-threshold-FULL.txt","data\logs\lab__dsdt_hex.txt"
"<LAB>\touchpad-lab\poc\find-threshold.ps1","tools\analysis\lab__find-threshold.ps1"
"<LAB>\touchpad-lab\poc\fw-identity-log.txt","data\logs\lab__fw-identity-log.txt"
"<LAB>\touchpad-lab\poc\fw-identity-log2.txt","data\logs\lab__fw-identity-log2.txt"
"<LAB>\touchpad-lab\poc\goodix-fw-url.txt","data\logs\lab__goodix-fw-url.txt"
"<LAB>\touchpad-lab\poc\goodix-probe.ps1","tools\analysis\lab__goodix-probe.ps1"
"<LAB>\touchpad-lab\poc\GoodixCmd.cs","tools\hid\lab__GoodixCmd.cs"
"<LAB>\touchpad-lab\poc\gtx8-probe-log.txt","data\logs\lab__gtx8-probe-log.txt"
"<LAB>\touchpad-lab\poc\gtx8-probe.ps1","tools\analysis\lab__gtx8-probe.ps1"
"<LAB>\touchpad-lab\poc\gtx8-write-fixed.ps1","tools\analysis\lab__gtx8-write-fixed.ps1"
"<LAB>\touchpad-lab\poc\gtx8-write-log.txt","data\logs\lab__gtx8-write-log.txt"
"<LAB>\touchpad-lab\poc\Gx.cs","tools\hid\lab__Gx.cs"
"<LAB>\touchpad-lab\poc\Gx32.cs","tools\hid\lab__Gx32.cs"
"<LAB>\touchpad-lab\poc\gxhid.py","tools\hid\gxhid.py"
"<LAB>\touchpad-lab\poc\gxmem.py","tools\hid\gxmem.py"
"<LAB>\touchpad-lab\poc\haptic-ab-log.txt","data\logs\lab__haptic-ab-log.txt"
"<LAB>\touchpad-lab\poc\haptic-preview-log.txt","data\logs\lab__haptic-preview-log.txt"
"<LAB>\touchpad-lab\poc\haptic-preview-test.ps1","tools\analysis\lab__haptic-preview-test.ps1"
"<LAB>\touchpad-lab\poc\haptic-preview-test2.ps1","tools\analysis\lab__haptic-preview-test2.ps1"
"<LAB>\touchpad-lab\poc\haptic-sep.py","tools\analysis\lab__haptic-sep.py"
"<LAB>\touchpad-lab\poc\haptic_caps.py","tools\analysis\lab__haptic_caps.py"
"<LAB>\touchpad-lab\poc\haptic_caps.txt","data\logs\lab__haptic_caps.txt"
"<LAB>\touchpad-lab\poc\hid-dump.txt","data\logs\lab__hid-dump.txt"
"<LAB>\touchpad-lab\poc\hid-open.txt","data\logs\lab__hid-open.txt"
"<LAB>\touchpad-lab\poc\HidDump.cs","tools\hid\lab__HidDump.cs"
"<LAB>\touchpad-lab\poc\HidOpenTest.cs","tools\hid\lab__HidOpenTest.cs"
"<LAB>\touchpad-lab\poc\HidWatch.cs","tools\hid\lab__HidWatch.cs"
"<LAB>\touchpad-lab\poc\high1.json","data\logs\lab__high1.json"
"<LAB>\touchpad-lab\poc\high2.json","data\logs\lab__high2.json"
"<LAB>\touchpad-lab\poc\honor-fw-url.txt","data\logs\lab__goodix-fw-url.txt"
"<LAB>\touchpad-lab\poc\hyst.py","tools\analysis\lab__hyst.py"
"<LAB>\touchpad-lab\poc\intensity-probe-log.txt","data\logs\lab__intensity-probe-log.txt"
"<LAB>\touchpad-lab\poc\intensity-probe.ps1","tools\analysis\lab__intensity-probe.ps1"
"<LAB>\touchpad-lab\poc\intensity-step1.txt","data\logs\lab__intensity-step1.txt"
"<LAB>\touchpad-lab\poc\intensity-step2.txt","data\logs\lab__intensity-step1.txt"
"<LAB>\touchpad-lab\poc\intensity-step3.txt","data\logs\lab__intensity-step1.txt"
"<LAB>\touchpad-lab\poc\intensity-step4.txt","data\logs\lab__intensity-step1.txt"
"<LAB>\touchpad-lab\poc\long.json","data\logs\lab__long.json"
"<LAB>\touchpad-lab\poc\low1.json","data\logs\lab__low1.json"
"<LAB>\touchpad-lab\poc\mem-now.txt","data\logs\lab__mem-now.txt"
"<LAB>\touchpad-lab\poc\mem-scan-16bit.txt","data\logs\lab__mem-scan-16bit.txt"
"<LAB>\touchpad-lab\poc\opcode-sweep-log.txt","data\logs\lab__opcode-sweep-log.txt"
"<LAB>\touchpad-lab\poc\P2.cs","tools\hid\lab__P2.cs"
"<LAB>\touchpad-lab\poc\P3.cs","tools\hid\lab__P3.cs"
"<LAB>\touchpad-lab\poc\pefind.py","tools\bios\lab__pefind.py"
"<LAB>\touchpad-lab\poc\press-capture.ps1","tools\analysis\lab__press-capture.ps1"
"<LAB>\touchpad-lab\poc\press-log-20260913-afterwrite25.txt","data\logs\lab__press-log-20260913-afterwrite25.txt"
"<LAB>\touchpad-lab\poc\press-log-prev.txt","data\logs\lab__press-log-prev.txt"
"<LAB>\touchpad-lab\poc\press-log.txt","data\logs\lab__press-log.txt"
"<LAB>\touchpad-lab\poc\pressure_watch.py","tools\analysis\lab__pressure_watch.py"
"<LAB>\touchpad-lab\poc\probe-split-vs-long.ps1","tools\analysis\lab__probe-split-vs-long.ps1"
"<LAB>\touchpad-lab\poc\probe-split-vs-long.txt","data\logs\lab__probe-split-vs-long.txt"
"<LAB>\touchpad-lab\poc\probe-stability.ps1","tools\analysis\lab__probe-stability.ps1"
"<LAB>\touchpad-lab\poc\probe-stability.txt","data\logs\lab__probe-stability.txt"
"<LAB>\touchpad-lab\poc\raw-threshold-write.ps1","tools\analysis\lab__raw-threshold-write.ps1"
"<LAB>\touchpad-lab\poc\RawRdesc.cs","tools\hid\lab__RawRdesc.cs"
"<LAB>\touchpad-lab\poc\RawTouchProbe.cs","tools\hid\lab__RawTouchProbe.cs"
"<LAB>\touchpad-lab\poc\read-1838-log.txt","data\logs\lab__read-1838-log.txt"
"<LAB>\touchpad-lab\poc\read-1838.ps1","tools\analysis\lab__read-1838.ps1"
"<LAB>\touchpad-lab\poc\read-96f8-full-log.txt","data\logs\lab__read-96f8-full-log.txt"
"<LAB>\touchpad-lab\poc\read-96f8-full.ps1","tools\analysis\lab__read-96f8-full.ps1"
"<LAB>\touchpad-lab\poc\read-cfgbody-log.txt","data\logs\lab__read-cfgbody-log.txt"
"<LAB>\touchpad-lab\poc\read-cfgbody.ps1","tools\firmware\lab__read-cfgbody.ps1"
"<LAB>\touchpad-lab\poc\read-flashmap-log.txt","data\logs\lab__read-flashmap-log.txt"
"<LAB>\touchpad-lab\poc\read-flashmap.ps1","tools\analysis\lab__read-flashmap.ps1"
"<LAB>\touchpad-lab\poc\read-only-probe3-log.txt","data\logs\lab__read-only-probe3-log.txt"
"<LAB>\touchpad-lab\poc\read-only-probe3.ps1","tools\analysis\lab__read-only-probe3.ps1"
"<LAB>\touchpad-lab\poc\read-only-probe4-log.txt","data\logs\lab__read-only-probe4-log.txt"
"<LAB>\touchpad-lab\poc\read-only-probe4.ps1","tools\analysis\lab__read-only-probe4.ps1"
"<LAB>\touchpad-lab\poc\read-ver-4014-log.txt","data\logs\lab__read-ver-4014-log.txt"
"<LAB>\touchpad-lab\poc\read-ver-4014.ps1","tools\analysis\lab__read-ver-4014.ps1"
"<LAB>\touchpad-lab\poc\read_inf.py","tools\analysis\lab__read_inf.py"
"<LAB>\touchpad-lab\poc\refresh-test.ps1","tools\analysis\lab__refresh-test.ps1"
"<LAB>\touchpad-lab\poc\reg-diff-A.txt","data\logs\lab__reg-diff-A.txt"
"<LAB>\touchpad-lab\poc\reg-diff-B.txt","data\logs\lab__reg-diff-A.txt"
"<LAB>\touchpad-lab\poc\reg-diff-backup.json","data\logs\lab__reg-diff-backup.json"
"<LAB>\touchpad-lab\poc\reg-diff-probe.ps1","tools\analysis\lab__reg-diff-probe.ps1"
"<LAB>\touchpad-lab\poc\rescan-result.txt","data\logs\lab__rescan-result.txt"
"<LAB>\touchpad-lab\poc\reset-result.txt","data\logs\lab__reset-result.txt"
"<LAB>\touchpad-lab\poc\reset-result2.txt","data\logs\lab__reset-result2.txt"
"<LAB>\touchpad-lab\poc\reset2.ps1","tools\analysis\lab__reset2.ps1"
"<LAB>\touchpad-lab\poc\route-a-hwreg-map-log.txt","data\logs\lab__route-a-hwreg-map-log.txt"
"<LAB>\touchpad-lab\poc\route-a-hwreg-map.py","tools\analysis\lab__route-a-hwreg-map.py"
"<LAB>\touchpad-lab\poc\route-a-scramble-read-log.txt","data\logs\lab__route-a-scramble-read-log.txt"
"<LAB>\touchpad-lab\poc\route-a-scramble-read.ps1","tools\firmware\lab__route-a-scramble-read.ps1"
"<LAB>\touchpad-lab\poc\run-ec-probe.bat","tools\acpi-ec\lab__run-ec-probe.bat"
"<LAB>\touchpad-lab\poc\run-ec-selftest.bat","tools\acpi-ec\lab__run-ec-selftest.bat"
"<LAB>\touchpad-lab\poc\run-probe.ps1","tools\analysis\lab__run-probe.ps1"
"<LAB>\touchpad-lab\poc\run-vendor-listen.ps1","tools\hid\lab__run-vendor-listen.ps1"
"<LAB>\touchpad-lab\poc\run-watch.ps1","tools\analysis\lab__run-watch.ps1"
"<LAB>\touchpad-lab\poc\s1.json","data\logs\lab__s1.json"
"<LAB>\touchpad-lab\poc\s2.json","data\logs\lab__s2.json"
"<LAB>\touchpad-lab\poc\s3.json","data\logs\lab__s3.json"
"<LAB>\touchpad-lab\poc\s4.json","data\logs\lab__s4.json"
"<LAB>\touchpad-lab\poc\scan-mem.ps1","tools\analysis\lab__scan-mem.ps1"
"<LAB>\touchpad-lab\poc\scan-stability.ps1","tools\analysis\lab__scan-stability.ps1"
"<LAB>\touchpad-lab\poc\scan-stability.txt","data\logs\lab__scan-stability.txt"
"<LAB>\touchpad-lab\poc\slow.json","data\logs\lab__slow.json"
"<LAB>\touchpad-lab\poc\snap-test.txt","data\logs\lab__snap-test.txt"
"<LAB>\touchpad-lab\poc\snapA.json","data\logs\lab__snapA.json"
"<LAB>\touchpad-lab\poc\snapA.txt","data\logs\lab__snapA.txt"
"<LAB>\touchpad-lab\poc\snapB.json","data\logs\lab__snapB.json"
"<LAB>\touchpad-lab\poc\snapB.txt","data\logs\lab__snapB.txt"
"<LAB>\touchpad-lab\poc\sniff-col04.ps1","tools\hid\lab__sniff-col04.ps1"
"<LAB>\touchpad-lab\poc\sweep-ops.ps1","tools\analysis\lab__sweep-ops.ps1"
"<LAB>\touchpad-lab\poc\threshold-backup.txt","data\logs\lab__reg-diff-A.txt"
"<LAB>\touchpad-lab\poc\threshold-log.txt","data\logs\lab__threshold-log.txt"
"<LAB>\touchpad-lab\poc\threshold-probe.ps1","tools\analysis\lab__threshold-probe.ps1"
"<LAB>\touchpad-lab\poc\touchpad-diag.ps1","tools\hid\lab__touchpad-diag.ps1"
"<LAB>\touchpad-lab\poc\uia-thresh-A.txt","data\logs\lab__reg-diff-A.txt"
"<LAB>\touchpad-lab\poc\uia-thresh-B.txt","data\logs\lab__reg-diff-A.txt"
"<LAB>\touchpad-lab\poc\uia-thresh-probe.ps1","tools\analysis\lab__uia-thresh-probe.ps1"
"<LAB>\touchpad-lab\poc\vendor-listen-log.txt","data\logs\lab__vendor-listen-log.txt"
"<LAB>\touchpad-lab\poc\VendorListen.cs","tools\hid\lab__VendorListen.cs"
"<LAB>\touchpad-lab\poc\verify-fw-identity.ps1","tools\firmware\lab__verify-fw-identity.ps1"
"<LAB>\touchpad-lab\poc\verify-fw-identity2.ps1","tools\firmware\lab__verify-fw-identity2.ps1"
"<LAB>\touchpad-lab\poc\vib-link.ps1","tools\hid\lab__vib-link.ps1"
"<LAB>\touchpad-lab\poc\vib-probe.ps1","tools\hid\lab__vib-probe.ps1"
"<LAB>\touchpad-lab\poc\VibLink.cs","tools\hid\lab__VibLink.cs"
"<LAB>\touchpad-lab\poc\VibProbe.cs","tools\hid\lab__VibProbe.cs"
"<LAB>\touchpad-lab\poc\watch-log.txt","data\logs\lab__watch-log.txt"
"<LAB>\touchpad-lab\poc\wave.json","data\logs\lab__wave.json"
"<LAB>\touchpad-lab\poc\wave2.json","data\logs\lab__wave2.json"
"<LAB>\touchpad-lab\poc\WhoHolds.cs","tools\hid\lab__WhoHolds.cs"
"<LAB>\touchpad-lab\poc\window-vs-container-log.txt","data\logs\lab__window-vs-container-log.txt"
"<LAB>\touchpad-lab\poc\WriteHelper.cs","tools\hid\lab__WriteHelper.cs"
"<LAB>\touchpad-lab\poc\xref_mem_vs_container.mjs","tools\firmware\lab__xref_mem_vs_container.mjs"
"<LAB>\touchpad-lab\poc\_cfgload.txt","data\logs\lab___cfgload.txt"
"<LAB>\touchpad-lab\poc\_cw.txt","data\logs\lab___cw.txt"
"<LAB>\touchpad-lab\poc\_elev-log.txt","data\logs\lab___elev-log.txt"
"<LAB>\touchpad-lab\poc\_scratch-test.bat","tools\analysis\lab___scratch-test.bat"
"<LAB>\touchpad-lab\poc\_site.txt","data\logs\lab___site.txt"
"<LAB>\touchpad-lab\poc\anchor-hunt\clue_hunt.py","tools\analysis\lab__clue_hunt.py"
"<LAB>\touchpad-lab\poc\anchor-hunt\exclude_layer2.py","tools\analysis\lab__exclude_layer2.py"
"<LAB>\touchpad-lab\poc\anchor-hunt\ihex2bin.py","tools\analysis\lab__ihex2bin.py"
"<LAB>\touchpad-lab\poc\decrypt-v2\body_fieldmap.py","tools\firmware\lab__body_fieldmap.py"
"<LAB>\touchpad-lab\poc\decrypt-v2\cross_matrix.py","tools\firmware\lab__cross_matrix.py"
"<LAB>\touchpad-lab\poc\decrypt-v2\decrypt.py","tools\firmware\decrypt.py"
"<LAB>\touchpad-lab\poc\decrypt-v2\outer_wrapper.py","tools\firmware\lab__outer_wrapper.py"
"<LAB>\touchpad-lab\poc\decrypt-v2\probe_a1.py","tools\firmware\lab__probe_a1.py"
"<LAB>\touchpad-lab\poc\decrypt-v2\probe_a2.py","tools\firmware\lab__probe_a2.py"
"<LAB>\touchpad-lab\poc\decrypt-v2\probe_a3.py","tools\firmware\lab__probe_a3.py"
"<LAB>\touchpad-lab\poc\decrypt-v2\read_outer_cfg2.py","tools\firmware\lab__read_outer_cfg2.py"
"<LAB>\touchpad-lab\poc\decrypt-v2\read_outer_cfg3.py","tools\firmware\lab__read_outer_cfg3.py"
"<LAB>\touchpad-lab\poc\decrypt-v2\threshold_pair.py","tools\firmware\lab__threshold_pair.py"
"<LAB>\touchpad-lab\poc\decrypt-v2\tlv_expand.py","tools\firmware\lab__tlv_expand.py"
"<LAB>\touchpad-lab\poc\decrypt-v2\wave_hunt.py","tools\firmware\lab__wave_hunt.py"
"<LAB>\touchpad-lab\poc\decrypt-v2\_bodymap.txt","data\logs\lab___bodymap.txt"
"<LAB>\touchpad-lab\poc\gdix-hid-fw\CHANGELOG.md","docs\01-overview\lab__CHANGELOG.md"
"<LAB>\touchpad-lab\poc\gdix-hid-fw\README.md","docs\01-overview\lab__README__3.md"
"<LAB>\touchpad-lab\poc\gtx8-official\docs_goodix-ts-dtsi.txt","data\logs\lab__docs_goodix-ts-dtsi.txt"
"<LAB>\touchpad-lab\poc\gtx8-official\docs_porting-guide-gsx.txt","data\logs\lab__docs_porting-guide-gsx.txt"
"<LAB>\touchpad-lab\poc\gtx8-official\README.md","docs\01-overview\lab__README__4.md"
"<LAB>\touchpad-lab\poc\hidprobe\etwcheck.py","tools\hid\lab__etwcheck.py"
"<LAB>\touchpad-lab\poc\hidprobe\hiddiag.py","tools\hid\lab__hiddiag.py"
"<LAB>\touchpad-lab\poc\pkg\extract\zip0\mup.xml","data\logs\lab__mup.xml"
"<LAB>\touchpad-lab\poc\pkg\extract\zip0\package.xml","data\logs\lab__package.xml"
"<LAB>\touchpad-lab\poc\pkg\extract\zip1\mup.xml","data\logs\lab__mup.xml"
"<LAB>\touchpad-lab\poc\pkg\extract\zip1\package.xml","data\logs\lab__package.xml"
"<LAB>\touchpad-lab\poc\pkg\extract\zip2\mup.xml","data\logs\lab__mup.xml"
"<LAB>\touchpad-lab\poc\pkg\extract\zip2\package.xml","data\logs\lab__package.xml"
"<LAB>\touchpad-lab\poc\pkg\extract\zip3\mup.xml","data\logs\lab__mup.xml"
"<LAB>\touchpad-lab\poc\pkg\extract\zip3\package.xml","data\logs\lab__package.xml"
"<LAB>\touchpad-lab\poc\pkg\extract\zip4\mup.xml","data\logs\lab__mup.xml"
"<LAB>\touchpad-lab\poc\pkg\extract\zip4\package.xml","data\logs\lab__package.xml"
"<LAB>\touchpad-lab\poc\pkg\gt7936l\goodix.metainfo.xml","data\logs\lab__goodix.metainfo.xml"
"<LAB>\touchpad-lab\poc\pkg\gt7936l\README.txt","data\logs\lab__README.txt"
"<LAB>\touchpad-lab\poc\rwe-cmd\00-scan.rw","data\reference\lab__00-scan.rw"
"<LAB>\touchpad-lab\poc\rwe-cmd\10-probe.rw","data\reference\lab__10-probe.rw"
"<LAB>\touchpad-lab\poc\rwe-cmd\I2C0-AW86927.rw","data\reference\lab__I2C0-AW86927.rw"
"<LAB>\touchpad-lab\poc\W1-r2\state-before.txt","data\logs\lab__state-before.txt"
"<LAB>\touchpad-lab\poc\W1-r2\step0-disable-and-backup.bat","tools\analysis\lab__step0-disable-and-backup.bat"
"<LAB>\touchpad-lab\poc\W1-r2\step0b-enable-testmode.bat","tools\analysis\lab__step0b-enable-testmode.bat"
"<LAB>\touchpad-lab\poc\W1-r2\step9-restore.bat","tools\analysis\lab__step9-restore.bat"
"<LAB>\touchpad-lab\poc\_logs\batch-read-A-log.utf8.txt","data\logs\lab__batch-read-A-log.utf8.txt"
"<LAB>\touchpad-lab\poc\_logs\child-A.utf8.txt","data\logs\lab__child-A.utf8.txt"
"<LAB>\touchpad-lab\poc\_logs\child-B.utf8.txt","data\logs\lab__child-B.utf8.txt"
"<LAB>\touchpad-lab\poc\_logs\child-C.utf8.txt","data\logs\lab__child-C.utf8.txt"
"<LAB>\touchpad-lab\poc\_logs\child-out5.utf8.txt","data\logs\lab__child-out5.utf8.txt"
"<LAB>\touchpad-lab\poc\_logs\child-out6.utf8.txt","data\logs\lab__child-out6.utf8.txt"
"<LAB>\touchpad-lab\poc\_logs\ec-run-all-latest.log","<WORKSPACE>"
"<LAB>\touchpad-lab\poc\_logs\elev-check.txt","data\logs\lab__elev-check.txt"
"<LAB>\touchpad-lab\poc\_logs\etw-start2.txt","data\logs\lab__etw-start2.txt"
"<LAB>\touchpad-lab\poc\_logs\hidclass-manifest.txt","data\logs\lab__hidclass-manifest.txt"
"<LAB>\touchpad-lab\poc\_logs\hwres.txt","data\logs\lab__hwres.txt"
"<LAB>\touchpad-lab\poc\_logs\read-1838-log.utf8.txt","data\logs\lab__read-1838-log.utf8.txt"
"<LAB>\touchpad-lab\poc\_logs\read-flashmap-log.utf8.txt","data\logs\lab__read-flashmap-log.utf8.txt"
"<LAB>\touchpad-lab\poc\_logs\read-only-probe4-log.utf8.txt","data\logs\lab__read-only-probe4-log.utf8.txt"
"<LAB>\touchpad-lab\poc\_logs\ReadFeatureRO.cs","tools\hid\lab__ReadFeatureRO.cs"
"<LAB>\touchpad-lab\poc\_logs\run-haptic-etw.ps1","tools\analysis\lab__run-haptic-etw.ps1"
"<LAB>\touchpad-lab\poc\_logs\spb-manifest.txt","data\logs\lab__spb-manifest.txt"
"<LAB>\touchpad-lab\re\aes_payload_audit2_out.txt","data\logs\lab__aes_payload_audit2_out.txt"
"<LAB>\touchpad-lab\re\aes_payload_audit3_out.txt","data\logs\lab__aes_payload_audit3_out.txt"
"<LAB>\touchpad-lab\re\aes_payload_audit4_out.txt","data\logs\lab__aes_payload_audit4_out.txt"
"<LAB>\touchpad-lab\re\aes_payload_audit_out.txt","data\logs\lab__aes_payload_audit_out.txt"
"<LAB>\touchpad-lab\re\align-diff.mjs","tools\analysis\lab__align-diff.mjs"
"<LAB>\touchpad-lab\re\analyze_cap.py","tools\analysis\lab__analyze_cap.py"
"<LAB>\touchpad-lab\re\analyze_records.py","tools\analysis\lab__analyze_records.py"
"<LAB>\touchpad-lab\re\bios_cap_probe.py","tools\bios\lab__bios_cap_probe.py"
"<LAB>\touchpad-lab\re\brlb_test.py","tools\analysis\lab__brlb_test.py"
"<LAB>\touchpad-lab\re\brlb_test2.py","tools\analysis\lab__brlb_test2.py"
"<LAB>\touchpad-lab\re\callgraph.py","tools\analysis\lab__callgraph.py"
"<LAB>\touchpad-lab\re\callgraph2.py","tools\analysis\lab__callgraph2.py"
"<LAB>\touchpad-lab\re\col04_boundary2_out.txt","data\logs\lab__col04_boundary2_out.txt"
"<LAB>\touchpad-lab\re\col04_boundary3_out.txt","data\logs\lab__col04_boundary3_out.txt"
"<LAB>\touchpad-lab\re\col04_boundary4_out.txt","data\logs\lab__col04_boundary4_out.txt"
"<LAB>\touchpad-lab\re\col04_boundary5_out.txt","data\logs\lab__col04_boundary5_out.txt"
"<LAB>\touchpad-lab\re\col04_boundary_out.txt","data\logs\lab__col04_boundary_out.txt"
"<LAB>\touchpad-lab\re\col04_window_correlate.py","tools\hid\lab__col04_window_correlate.py"
"<LAB>\touchpad-lab\re\compare-fw.mjs","tools\firmware\lab__compare-fw.mjs"
"<LAB>\touchpad-lab\re\container_layout.py","tools\firmware\lab__container_layout.py"
"<LAB>\touchpad-lab\re\correlate.py","tools\analysis\lab__correlate.py"
"<LAB>\touchpad-lab\re\crypto_test.py","tools\analysis\lab__crypto_test.py"
"<LAB>\touchpad-lab\re\d2_cpd.py","tools\analysis\lab__d2_cpd.py"
"<LAB>\touchpad-lab\re\dbg.py","tools\analysis\lab__dbg.py"
"<LAB>\touchpad-lab\re\decoded.txt","data\logs\lab__decoded.txt"
"<LAB>\touchpad-lab\re\de_dell_proto.py","tools\analysis\lab__de_dell_proto.py"
"<LAB>\touchpad-lab\re\de_dell_proto_out.txt","data\logs\lab__de_dell_proto_out.txt"
"<LAB>\touchpad-lab\re\de_dump.py","tools\hid\lab__de_dump.py"
"<LAB>\touchpad-lab\re\de_v1read_out.txt","data\logs\lab__de_v1read_out.txt"
"<LAB>\touchpad-lab\re\de_v2read_out.txt","data\logs\lab__de_v2read_out.txt"
"<LAB>\touchpad-lab\re\de_write_out.txt","data\logs\lab__de_write_out.txt"
"<LAB>\touchpad-lab\re\diff_snap.py","tools\analysis\lab__diff_snap.py"
"<LAB>\touchpad-lab\re\find_desc.py","tools\analysis\lab__find_desc.py"
"<LAB>\touchpad-lab\re\find_dispatch.py","tools\firmware\lab__find_dispatch.py"
"<LAB>\touchpad-lab\re\find_lra.py","tools\analysis\lab__find_lra.py"
"<LAB>\touchpad-lab\re\find_lra2.py","tools\analysis\lab__find_lra2.py"
"<LAB>\touchpad-lab\re\find_lra3.py","tools\analysis\lab__find_lra3.py"
"<LAB>\touchpad-lab\re\find_sensor_regs.py","tools\analysis\lab__find_sensor_regs.py"
"<LAB>\touchpad-lab\re\flash-table.mjs","tools\analysis\lab__flash-table.mjs"
"<LAB>\touchpad-lab\re\fw_callgraph.py","tools\firmware\lab__fw_callgraph.py"
"<LAB>\touchpad-lab\re\fw_chain.py","tools\firmware\lab__fw_chain.py"
"<LAB>\touchpad-lab\re\fw_debug.py","tools\firmware\lab__fw_debug.py"
"<LAB>\touchpad-lab\re\fw_deep.py","tools\firmware\lab__fw_deep.py"
"<LAB>\touchpad-lab\re\fw_deep10.py","tools\firmware\lab__fw_deep10.py"
"<LAB>\touchpad-lab\re\fw_deep10_out.txt","data\logs\lab__fw_deep10_out.txt"
"<LAB>\touchpad-lab\re\fw_deep11.py","tools\firmware\lab__fw_deep11.py"
"<LAB>\touchpad-lab\re\fw_deep11_out.txt","data\logs\lab__fw_deep11_out.txt"
"<LAB>\touchpad-lab\re\fw_deep12.py","tools\firmware\lab__fw_deep12.py"
"<LAB>\touchpad-lab\re\fw_deep12_out.txt","data\logs\lab__fw_deep12_out.txt"
"<LAB>\touchpad-lab\re\fw_deep13.py","tools\firmware\lab__fw_deep13.py"
"<LAB>\touchpad-lab\re\fw_deep13_out.txt","data\logs\lab__fw_deep13_out.txt"
"<LAB>\touchpad-lab\re\fw_deep14.py","tools\firmware\lab__fw_deep14.py"
"<LAB>\touchpad-lab\re\fw_deep14_out.txt","data\logs\lab__fw_deep14_out.txt"
"<LAB>\touchpad-lab\re\fw_deep15.py","tools\firmware\lab__fw_deep15.py"
"<LAB>\touchpad-lab\re\fw_deep15_out.txt","data\logs\lab__fw_deep15_out.txt"
"<LAB>\touchpad-lab\re\fw_deep16.py","tools\firmware\lab__fw_deep16.py"
"<LAB>\touchpad-lab\re\fw_deep16_out.txt","data\logs\lab__fw_deep16_out.txt"
"<LAB>\touchpad-lab\re\fw_deep2.py","tools\firmware\lab__fw_deep2.py"
"<LAB>\touchpad-lab\re\fw_deep2_out.txt","data\logs\lab__fw_deep2_out.txt"
"<LAB>\touchpad-lab\re\fw_deep3.py","tools\firmware\lab__fw_deep3.py"
"<LAB>\touchpad-lab\re\fw_deep3_out.txt","data\logs\lab__fw_deep3_out.txt"
"<LAB>\touchpad-lab\re\fw_deep4.py","tools\firmware\lab__fw_deep4.py"
"<LAB>\touchpad-lab\re\fw_deep4_out.txt","data\logs\lab__fw_deep4_out.txt"
"<LAB>\touchpad-lab\re\fw_deep5.py","tools\firmware\lab__fw_deep5.py"
"<LAB>\touchpad-lab\re\fw_deep5_out.txt","data\logs\lab__fw_deep5_out.txt"
"<LAB>\touchpad-lab\re\fw_deep6.py","tools\firmware\lab__fw_deep6.py"
"<LAB>\touchpad-lab\re\fw_deep6_out.txt","data\logs\lab__fw_deep6_out.txt"
"<LAB>\touchpad-lab\re\fw_deep7.py","tools\firmware\lab__fw_deep7.py"
"<LAB>\touchpad-lab\re\fw_deep7_out.txt","data\logs\lab__fw_deep7_out.txt"
"<LAB>\touchpad-lab\re\fw_deep8.py","tools\firmware\lab__fw_deep8.py"
"<LAB>\touchpad-lab\re\fw_deep8_out.txt","data\logs\lab__fw_deep8_out.txt"
"<LAB>\touchpad-lab\re\fw_deep9.py","tools\firmware\lab__fw_deep9.py"
"<LAB>\touchpad-lab\re\fw_deep9_out.txt","data\logs\lab__fw_deep9_out.txt"
"<LAB>\touchpad-lab\re\fw_deep_out.txt","data\logs\lab__fw_deep_out.txt"
"<LAB>\touchpad-lab\re\fw_dispatch.py","tools\firmware\lab__fw_dispatch.py"
"<LAB>\touchpad-lab\re\fw_hot.py","tools\firmware\lab__fw_hot.py"
"<LAB>\touchpad-lab\re\fw_identity_audit.py","tools\firmware\lab__fw_identity_audit.py"
"<LAB>\touchpad-lab\re\fw_isr.py","tools\firmware\lab__fw_isr.py"
"<LAB>\touchpad-lab\re\fw_periph.py","tools\firmware\lab__fw_periph.py"
"<LAB>\touchpad-lab\re\fw_periph2.py","tools\firmware\lab__fw_periph2.py"
"<LAB>\touchpad-lab\re\fw_periph3.py","tools\firmware\lab__fw_periph3.py"
"<LAB>\touchpad-lab\re\fw_ptrs.py","tools\firmware\lab__fw_ptrs.py"
"<LAB>\touchpad-lab\re\fw_ptrs2.py","tools\firmware\lab__fw_ptrs2.py"
"<LAB>\touchpad-lab\re\fw_recon.py","tools\firmware\lab__fw_recon.py"
"<LAB>\touchpad-lab\re\fw_strings.py","tools\firmware\lab__fw_strings.py"
"<LAB>\touchpad-lab\re\fw_strings_out.txt","data\logs\lab__fw_strings_out.txt"
"<LAB>\touchpad-lab\re\fw_tables.py","tools\firmware\lab__fw_tables.py"
"<LAB>\touchpad-lab\re\fw_tim8.py","tools\firmware\lab__fw_tim8.py"
"<LAB>\touchpad-lab\re\fw_timers.py","tools\firmware\lab__fw_timers.py"
"<LAB>\touchpad-lab\re\fw_vectors.py","tools\firmware\lab__fw_vectors.py"
"<LAB>\touchpad-lab\re\gpio-trace.mjs","tools\analysis\lab__gpio-trace.mjs"
"<LAB>\touchpad-lab\re\gtx8_header_verify.py","tools\analysis\lab__gtx8_header_verify.py"
"<LAB>\touchpad-lab\re\gtx8_header_verify_out.txt","data\logs\lab__gtx8_header_verify_out.txt"
"<LAB>\touchpad-lab\re\gtx8_parse.py","tools\analysis\lab__gtx8_parse.py"
"<LAB>\touchpad-lab\re\gtx8_parse2.py","tools\analysis\lab__gtx8_parse2.py"
"<LAB>\touchpad-lab\re\handlers-report.txt","data\logs\lab__handlers-report.txt"
"<LAB>\touchpad-lab\re\handler_b.py","tools\analysis\lab__handler_b.py"
"<LAB>\touchpad-lab\re\i2c_isr.py","tools\i2c\lab__i2c_isr.py"
"<LAB>\touchpad-lab\re\image_bounds.py","tools\analysis\lab__image_bounds.py"
"<LAB>\touchpad-lab\re\lra_chain2.py","tools\analysis\lab__lra_chain2.py"
"<LAB>\touchpad-lab\re\lra_driver.py","tools\analysis\lab__lra_driver.py"
"<LAB>\touchpad-lab\re\lra_runtime.py","tools\analysis\lab__lra_runtime.py"
"<LAB>\touchpad-lab\re\lra_trigger.py","tools\analysis\lab__lra_trigger.py"
"<LAB>\touchpad-lab\re\lra_trigger2.py","tools\analysis\lab__lra_trigger2.py"
"<LAB>\touchpad-lab\re\lra_trigger3.py","tools\analysis\lab__lra_trigger3.py"
"<LAB>\touchpad-lab\re\parse-cfg-bin.mjs","tools\firmware\lab__parse-cfg-bin.mjs"
"<LAB>\touchpad-lab\re\press-analyze.py","tools\analysis\lab__press-analyze.py"
"<LAB>\touchpad-lab\re\record_csum.py","tools\analysis\lab__record_csum.py"
"<LAB>\touchpad-lab\re\rec_unique.py","tools\acpi-ec\lab__rec_unique.py"
"<LAB>\touchpad-lab\re\reset_main.py","tools\analysis\lab__reset_main.py"
"<LAB>\touchpad-lab\re\scan_goodix_cmds.py","tools\analysis\lab__scan_goodix_cmds.py"
"<LAB>\touchpad-lab\re\struct_test.py","tools\analysis\lab__struct_test.py"
"<LAB>\touchpad-lab\re\subimage_scan.py","tools\analysis\lab__subimage_scan.py"
"<LAB>\touchpad-lab\re\tool_blob_probe_out.txt","data\logs\lab__tool_blob_probe_out.txt"
"<LAB>\touchpad-lab\re\tool_key_hunt_out.txt","data\logs\lab__tool_key_hunt_out.txt"
"<LAB>\touchpad-lab\re\uart_cmd.py","tools\analysis\lab__uart_cmd.py"
"<LAB>\touchpad-lab\re\vectors2.py","tools\analysis\lab__vectors2.py"
"<LAB>\touchpad-lab\re\vib_arch2_out.txt","data\logs\lab__vib_arch2_out.txt"
"<LAB>\touchpad-lab\re\vib_bus_out.txt","data\logs\lab__vib_bus_out.txt"
"<LAB>\touchpad-lab\re\vib_crux.py","tools\hid\lab__vib_crux.py"
"<LAB>\touchpad-lab\re\vib_doorbell.py","tools\hid\lab__vib_doorbell.py"
"<LAB>\touchpad-lab\re\vib_dump.py","tools\hid\lab__vib_dump.py"
"<LAB>\touchpad-lab\re\vib_entry.py","tools\hid\lab__vib_entry.py"
"<LAB>\touchpad-lab\re\vib_final.py","tools\hid\lab__vib_final.py"
"<LAB>\touchpad-lab\re\vib_handlers_out.txt","data\logs\lab__vib_handlers_out.txt"
"<LAB>\touchpad-lab\re\vib_isr2_out.txt","data\logs\lab__vib_isr2_out.txt"
"<LAB>\touchpad-lab\re\vib_lra_cmd_out.txt","data\logs\lab__vib_lra_cmd_out.txt"
"<LAB>\touchpad-lab\re\vib_mailbox_out.txt","data\logs\lab__vib_mailbox_out.txt"
"<LAB>\touchpad-lab\re\vib_msg.py","tools\hid\lab__vib_msg.py"
"<LAB>\touchpad-lab\re\vib_msg2.py","tools\hid\lab__vib_msg2.py"
"<LAB>\touchpad-lab\re\vib_msg3.py","tools\hid\lab__vib_msg3.py"
"<LAB>\touchpad-lab\re\vib_path.py","tools\hid\lab__vib_path.py"
"<LAB>\touchpad-lab\re\vib_reach.py","tools\hid\lab__vib_reach.py"
"<LAB>\touchpad-lab\re\vib_reach2.py","tools\hid\lab__vib_reach2.py"
"<LAB>\touchpad-lab\re\vib_reach3_out.txt","data\logs\lab__vib_reach3_out.txt"
"<LAB>\touchpad-lab\re\vib_region.py","tools\hid\lab__vib_region.py"
"<LAB>\touchpad-lab\re\vib_switch.py","tools\hid\lab__vib_switch.py"
"<LAB>\touchpad-lab\re\vib_tables.py","tools\hid\lab__vib_tables.py"
"<LAB>\touchpad-lab\re\vib_table_out.txt","data\logs\lab__vib_table_out.txt"
"<LAB>\touchpad-lab\re\vib_tim3.py","tools\hid\lab__vib_tim3.py"
"<LAB>\touchpad-lab\re\vib_transport_out.txt","data\logs\lab__vib_transport_out.txt"
"<LAB>\touchpad-lab\re\vib_trigger.py","tools\hid\lab__vib_trigger.py"
"<LAB>\touchpad-lab\tools\iso_fat_dump.py","tools\hid\lab__iso_fat_dump.py"
"<LAB>\touchpad-lab\tools\what_is_efi.py","tools\bios\lab__what_is_efi.py"
"<LAB>\touchpad-lab\vendor\_aw86927.txt","data\logs\lab___aw86927.txt"
"<LAB>\touchpad-lab\vendor\dup\mup.xml","data\logs\lab__mup.xml"
"<LAB>\touchpad-lab\vendor\dup\package.xml","data\logs\lab__package.xml"
"<LAB>\touchpad-lab\vendor\goodix-lvfs\goodix.metainfo.xml","data\logs\lab__goodix.metainfo.xml"
"<LAB>\touchpad-lab\vendor\goodix-lvfs\README.txt","data\logs\lab__README.txt"
"<WORKSPACE>","data\acpi\lab__dsdt.bin"
"<WORKSPACE>","data\acpi\lab__SSDT_INTEL_TcssSsdt_SSDD.bin"
"<WORKSPACE>","data\acpi\lab__ssdt_LENOVO_CB-01____00000001.bin"
"<WORKSPACE>","data\acpi\lab__DSDT_本机_21LD.bin"
"<WORKSPACE>","tools\bios\lab__ffs_scan.py"
"<WORKSPACE>","data\logs\lab__GoodixTpDxe.asm.txt"
"<WORKSPACE>","tools\bios\pe_dis.py"
"<WORKSPACE>","<WORKSPACE>"
"<WORKSPACE>","<WORKSPACE>"
"<WORKSPACE>","data\acpi\lab__DSDT_本机_21LD.bin"
"<WORKSPACE>","data\logs\lab__GoodixTpDxe.asm.txt"
"<WORKSPACE>","tools\bios\pe_dis.py"
"<WORKSPACE>","<WORKSPACE>"
"<WORKSPACE>","data\logs\lab__模块清单-389.txt"
"<WORKSPACE>","docs\06-ec-acpi\old__BIOS-FmpDxeY750与I2cTouchPanelDxe反汇编.md"
"<WORKSPACE>","docs\99-archived\old-line\old__BIOS宿主侧协议与FMP包格式.md"
"<WORKSPACE>","docs\07-hid\old__Col02-feature读取与I2C收发定位.md"
"<WORKSPACE>","docs\06-ec-acpi\old__DSDT-TPAD子树完整解读.md"
"<WORKSPACE>","docs\99-archived\old-line\old__H1修正-主循环状态机与A2异步应答.md"
"<WORKSPACE>","docs\99-archived\old-line\old__HMM解读-传感器板在哪.md"
"<WORKSPACE>","docs\05-i2c\old__TF100A命令分派器与I2C链路.md"
"<WORKSPACE>","docs\99-archived\old-line\old__触控板-三项离线分析结果.md"
"<WORKSPACE>","docs\99-archived\old-line\old__触控板-剩余可推进项与字节序卡点.md"
"<WORKSPACE>","docs\99-archived\old-line\old__进度复核-结论逻辑关系与进度评估.md"
"<WORKSPACE>","docs\99-archived\old-line\old__追加三十-路线A③模型判别与锚点搜索-位置型变换成立但无锚点.md"
"<WORKSPACE>","docs\99-archived\old-line\old__追加三十七-第十八轮-加扰假设全面清算.md"
"<WORKSPACE>","docs\10-journal\old__追加三十六-第十七轮-明文cfg子记录语法完全解开.md"
"<WORKSPACE>","docs\10-journal\old__追加三十四-自查纠错-A③K泄漏是判据错误-同时拿到官方明文固件.md"
"<WORKSPACE>","docs\99-archived\old-line\old__追加九-审计-结论链漏洞与被忽略的通道.md"
"<WORKSPACE>","docs\10-journal\old__追加二十-汇顶有没有带扳机的固件.md"
"<WORKSPACE>","docs\99-archived\old-line\old__追加二十一-更正-华为的滑动跟随震动不存在.md"
"<WORKSPACE>","docs\99-archived\old-line\old__追加二十九-路线A①只读0x2218判定与厂商内存窗口定性.md"
"<WORKSPACE>","docs\99-archived\old-line\old__追加二十二-汇顶的触觉芯片不是扳机·抓包能回答什么.md"
"<WORKSPACE>","docs\99-archived\old-line\old__追加二十五-震动线收口与明文镜像的准确条件.md"
"<WORKSPACE>","docs\99-archived\old-line\old__追加二十六-X9-15线收束与马达归属定案.md"
"<WORKSPACE>","docs\10-journal\old__追加二十四-震动逻辑完整解出与固件修改目标.md"
"<WORKSPACE>","docs\10-journal\old__追加八-TF100A链路·帧层·命令全表与地址体系更正.md"
"<WORKSPACE>","docs\99-archived\old-line\old__追加十-实测-32位读判否与字节序陷阱.md"
"<WORKSPACE>","docs\99-archived\old-line\old__追加十一-仍可推进三项的收口.md"
"<WORKSPACE>","docs\99-archived\old-line\old__追加十七-三项纠正与厂商驱动扫描的结构性结论.md"
"<WORKSPACE>）.md","docs\99-archived\old-line\old__追加十三-硬件接入执行手册（图纸·定义·连MCU·验证）.md"
"<WORKSPACE>","docs\99-archived\old-line\old__追加十九-蓝莓的触控板如何与主机沟通.md"
"<WORKSPACE>","docs\99-archived\old-line\old__追加十二-命令语义总表·加密区判定·两条新链路.md"
"<WORKSPACE>","docs\99-archived\old-line\old__追加十五-纯软件实测-强度写入零影响但反推转发通道存在.md"
"<WORKSPACE>","docs\99-archived\old-line\old__追加十六-生态定论-主机触发触觉需要设备声明什么.md"
"<WORKSPACE>","docs\99-archived\old-line\old__追加十四-39条命令语义读全·三条高危维护命令.md"
"<WORKSPACE>","tools\bios\lab__peripheral_use.py"
"<WORKSPACE>","data\logs\lab__TF100A_thumb.asm.txt"
"<WORKSPACE>","<WORKSPACE>"
"<WORKSPACE>","<WORKSPACE>"
"<WORKSPACE>","<WORKSPACE>"
"<WORKSPACE>","<WORKSPACE>"
"<WORKSPACE>","<WORKSPACE>"
"<WORKSPACE>","<WORKSPACE>"
"<WORKSPACE>","<WORKSPACE>"
"<WORKSPACE>","<WORKSPACE>"
"<WORKSPACE>","<WORKSPACE>"
"<WORKSPACE>","<WORKSPACE>"
"<WORKSPACE>","tools\analysis\lab__clue_hunt.py"
"<WORKSPACE>","<WORKSPACE>"
"<WORKSPACE>","<WORKSPACE>"
"<WORKSPACE>","<WORKSPACE>"
"<WORKSPACE>","<WORKSPACE>"
"<WORKSPACE>","tools\analysis\lab__exclude_layer2.py"
"<WORKSPACE>","<WORKSPACE>"
"<WORKSPACE>","<WORKSPACE>"
"<WORKSPACE>","<WORKSPACE>"
"<WORKSPACE>","<WORKSPACE>"
"<WORKSPACE>","<WORKSPACE>"
"<WORKSPACE>","<WORKSPACE>"
"<WORKSPACE>","<WORKSPACE>"
"<WORKSPACE>","<WORKSPACE>"
"<WORKSPACE>","<WORKSPACE>"
"<WORKSPACE>","<WORKSPACE>"
"<WORKSPACE>","<WORKSPACE>"
"<WORKSPACE>","<WORKSPACE>"
"<WORKSPACE>","tools\analysis\lab__ihex2bin.py"
"<WORKSPACE>","<WORKSPACE>"
"<WORKSPACE>","<WORKSPACE>"
"<WORKSPACE>","<WORKSPACE>"
"<WORKSPACE>","<WORKSPACE>"
"<WORKSPACE>","<WORKSPACE>"
"<WORKSPACE>","<WORKSPACE>"
"<WORKSPACE>","<WORKSPACE>"
"<WORKSPACE>","<WORKSPACE>"
"<WORKSPACE>","data\logs\lab__dsdt_hex.txt"
"<WORKSPACE>","data\logs\lab__dsdt_hex.txt"
"<WORKSPACE>","<WORKSPACE>"
"<WORKSPACE>","<WORKSPACE>"
"<WORKSPACE>","<WORKSPACE>"
"<WORKSPACE>","<WORKSPACE>"
"<WORKSPACE>","<WORKSPACE>"
"<WORKSPACE>","<WORKSPACE>"
"<WORKSPACE>","<WORKSPACE>"
"<WORKSPACE>","<WORKSPACE>"
"<WORKSPACE>","<WORKSPACE>"
"<WORKSPACE>","<WORKSPACE>"
"<WORKSPACE>","<WORKSPACE>"
"<WORKSPACE>","<WORKSPACE>"
"<WORKSPACE>","<WORKSPACE>"
"<WORKSPACE>","<WORKSPACE>"
"<WORKSPACE>","<WORKSPACE>"
"<WORKSPACE>","<WORKSPACE>"
"<WORKSPACE>","<WORKSPACE>"
"<WORKSPACE>","<WORKSPACE>"
"<WORKSPACE>","<WORKSPACE>"
"<WORKSPACE>","<WORKSPACE>"
"<WORKSPACE>","<WORKSPACE>"
"<WORKSPACE>","<WORKSPACE>"
"<WORKSPACE>","<WORKSPACE>"
"<WORKSPACE>","<WORKSPACE>"
"<WORKSPACE>","<WORKSPACE>"
"<WORKSPACE>","<WORKSPACE>"
"<WORKSPACE>","tools\hid\gxt__A01_partition_table.py"
"<WORKSPACE>","tools\hid\gxt__A02_partition_struct.py"
"<WORKSPACE>","tools\hid\gxt__A03_partition_final.py"
"<WORKSPACE>","tools\hid\gxt__A04_struct_bruteforce.py"
"<WORKSPACE>","tools\hid\gxt__A05_struct_definitive.py"
"<WORKSPACE>","tools\hid\gxt__A06_be24_facts.py"
"<WORKSPACE>","tools\hid\gxt__A07_partition_verdict.py"
"<WORKSPACE>","data\logs\gxt__AUDIT_REPORT.txt"
"<WORKSPACE>","tools\hid\gxt__B01_thumb_calib.py"
"<WORKSPACE>","tools\hid\gxt__B02_structural_judge.py"
"<WORKSPACE>","tools\hid\gxt__B03_slide_scan.py"
"<WORKSPACE>","tools\hid\gxt__B04_boundary_vectors.py"
"<WORKSPACE>","tools\hid\gxt__B05_headers_boundary.py"
"<WORKSPACE>","tools\hid\gxt__B06_isa_00000.py"
"<WORKSPACE>","tools\hid\gxt__B07_arm_vs_thumb.py"
"<WORKSPACE>","tools\hid\gxt__B08_byteswap.py"
"<WORKSPACE>","tools\hid\gxt__B09_stop_analysis.py"
"<WORKSPACE>","tools\hid\gxt__C01_whitening_audit.py"
"<WORKSPACE>","tools\hid\gxt__C02_periodic_control.py"
"<WORKSPACE>","tools\hid\gxt__C03_period_ablation.py"
"<WORKSPACE>","tools\hid\gxt__C04_positional_transform.py"
"<WORKSPACE>","tools\hid\gxt__D01_compression_probe.py"
"<WORKSPACE>","tools\hid\gxt__D02_final_compression.py"
"<WORKSPACE>","tools\i2c\gxt__E01_keywords_i2c.py"
"<WORKSPACE>","tools\hid\gxt__E02_nested_fw.py"
"<WORKSPACE>","tools\i2c\gxt__E03_i2c_gpio.py"
"<WORKSPACE>","tools\hid\gxt__E04_addr_space.py"
"<WORKSPACE>","tools\hid\gxt__E05_haptic_final.py"
"<WORKSPACE>","tools\i2c\gxt__E06_i2c_trace.py"
"<WORKSPACE>","tools\hid\gxt__E07_param_decode.py"
"<WORKSPACE>","tools\hid\gxt__F01_vectors_base.py"
"<WORKSPACE>","tools\hid\gxt__F02_segment_map.py"
"<WORKSPACE>","tools\hid\lib_fw.py"
"<WORKSPACE>","tools\hid\gxt__R01_summary_numbers.py"
"<WORKSPACE>","tools\hid\gxt__arm_enrichment.py"
"<WORKSPACE>","tools\hid\gxt__audit_payload_a.py"
"<WORKSPACE>","tools\hid\gxt__boundary.py"
"<WORKSPACE>","tools\hid\gxt__common_seqs.py"
"<WORKSPACE>","tools\hid\gxt__criterion_specificity.py"
"<WORKSPACE>","tools\hid\gxt__disasm_periph.py"
"<WORKSPACE>","tools\hid\gxt__disasm_tail.py"
"<WORKSPACE>","tools\hid\gxt__FINAL_VERDICT.py"
"<WORKSPACE>","tools\hid\gxt__graded_metrics.py"
"<WORKSPACE>","tools\hid\gxt__haptic_dissect.py"
"<WORKSPACE>","tools\hid\gxt__movw_movt_addrs.py"
"<WORKSPACE>","tools\hid\gxt__movw_movt_v2.py"
"<WORKSPACE>","tools\hid\gxt__nested_magic.py"
"<WORKSPACE>","tools\hid\gxt__parse_cfg.py"
"<WORKSPACE>","tools\hid\gxt__part_recheck.py"
"<WORKSPACE>","tools\hid\gxt__perm_solve.py"
"<WORKSPACE>","tools\hid\gxt__ptr_vs_instr.py"
"<WORKSPACE>","tools\hid\gxt__region_1E000.py"
"<WORKSPACE>","tools\hid\gxt__region_1E000_byteswap.py"
"<WORKSPACE>","tools\hid\gxt__region_1E000_chain.py"
"<WORKSPACE>","tools\hid\gxt__region_1E000_instr.py"
"<WORKSPACE>","tools\hid\gxt__region_1E000_mixscan.py"
"<WORKSPACE>","tools\hid\gxt__region_1E000_records.py"
"<WORKSPACE>","tools\hid\gxt__region_1E000_seg.py"
"<WORKSPACE>","tools\hid\gxt__round20_verify.py"
"<WORKSPACE>","tools\hid\gxt__round21_compression.py"
"<WORKSPACE>","data\logs\gxt__ROUND21_HARD_EVIDENCE.txt"
"<WORKSPACE>","tools\hid\gxt__round22_residual.py"
"<WORKSPACE>","tools\i2c\gxt__round23_i2c_target.py"
"<WORKSPACE>","tools\i2c\gxt__round24_i2c_final.py"
"<WORKSPACE>","tools\i2c\gxt__round25_i2c_proof.py"
"<WORKSPACE>","tools\i2c\gxt__round26_i2c_window.py"
"<WORKSPACE>","tools\hid\gxt__round27_helper2400.py"
"<WORKSPACE>","tools\hid\gxt__round28_periph_sites.py"
"<WORKSPACE>","tools\hid\gxt__round29_master_check.py"
"<WORKSPACE>","tools\hid\gxt__round30_spi_caller.py"
"<WORKSPACE>","tools\hid\gxt__round31_trace2.py"
"<WORKSPACE>","tools\hid\gxt__round32_haptic_path.py"
"<WORKSPACE>","tools\hid\gxt__round33_upper.py"
"<WORKSPACE>","tools\hid\gxt__round34_verify.py"
"<WORKSPACE>","tools\hid\gxt__round35_flash_caller.py"
"<WORKSPACE>","tools\hid\gxt__round36_flash_reality.py"
"<WORKSPACE>","tools\hid\gxt__round37_write_path.py"
"<WORKSPACE>","tools\hid\gxt__round38_entry.py"
"<WORKSPACE>","tools\hid\gxt__round39_final.py"
"<WORKSPACE>","tools\hid\gxt__round62_hid_enum.py"
"<WORKSPACE>","data\logs\gxt__round62_pnp_devices.txt"
"<WORKSPACE>","data\logs\gxt__round63_i2c_hid_detail.txt"
"<WORKSPACE>","tools\hid\gxt__round64_readback.py"
"<WORKSPACE>","tools\hid\gxt__round65_diag.py"
"<WORKSPACE>","tools\hid\gxt__round66_driverstack.py"
"<WORKSPACE>","tools\hid\gxt__round67_uefi_fu.py"
"<WORKSPACE>","tools\acpi-ec\gxt__round68_acpi_probe.py"
"<WORKSPACE>","tools\acpi-ec\gxt__round69_acpi_dump.ps1"
"<WORKSPACE>","data\logs\gxt__round69_result.txt"
"<WORKSPACE>","docs\10-journal\gxt__ROUND70_SPB_CONNECTION_ID_FOUND.md"
"<WORKSPACE>","tools\hid\gxt__seg_structure.py"
"<WORKSPACE>","tools\hid\gxt__skeleton_final.py"
"<WORKSPACE>","tools\hid\gxt__tag_padding_check.py"
"<WORKSPACE>","tools\hid\gxt__tag_semantic.py"
"<WORKSPACE>","tools\hid\gxt__tag_table.py"
"<WORKSPACE>","tools\hid\gxt__tag_validate.py"
"<WORKSPACE>","tools\hid\gxt__tail_deep.py"
"<WORKSPACE>","tools\hid\gxt__tail_mine.py"
"<WORKSPACE>","tools\hid\gxt__tail_plaintext.py"
"<WORKSPACE>","tools\hid\gxt__tail_ptrtable.py"
"<WORKSPACE>","tools\hid\gxt__task1_cfg_identify.py"
"<WORKSPACE>","tools\hid\gxt__template_54.py"
"<WORKSPACE>","tools\hid\gxt__thumb2_verdict.py"
"<WORKSPACE>","tools\hid\gxt__tlv_decode.py"
"<WORKSPACE>","tools\hid\gxt__tpfw_analyze.py"
"<WORKSPACE>","tools\hid\gxt__t_table_diag.py"
"<WORKSPACE>","tools\hid\gxt__VERDICT_FINAL.py"
"<WORKSPACE>","tools\hid\gxt__verify_5a_ref.py"
"<WORKSPACE>","tools\hid\gxt__verify_5a_struct.py"
"<WORKSPACE>","tools\hid\gxt__whitening_map.py"
"<WORKSPACE>","tools\hid\gxt__xor_model_test.py"
"<WORKSPACE>","tools\hid\gxt__xor_model_v2.py"
"<WORKSPACE>","data\logs\gxt__tpcfgsid0_Xiaomi7867_20240307.cfg.txt"
"<WORKSPACE>","data\logs\gxt__tpcfgsid2_20230407.cfg.txt"
"<WORKSPACE>","data\logs\gxt__tpcfgsid3_LaiBao7986P_20220701.cfg.txt"
"<WORKSPACE>","data\logs\gxt__arm_enrichment.txt"
"<WORKSPACE>","data\logs\gxt__blocks_all.txt"
"<WORKSPACE>","data\logs\gxt__common_seqs.json"
"<WORKSPACE>","data\logs\gxt__common_seqs.txt"
"<WORKSPACE>","data\logs\gxt__criterion_specificity.txt"
"<WORKSPACE>","data\logs\gxt__disasm_periph.txt"
"<WORKSPACE>","data\logs\gxt__disasm_tail.txt"
"<WORKSPACE>","data\logs\gxt__FINAL_VERDICT.json"
"<WORKSPACE>","data\logs\gxt__FINAL_VERDICT.txt"
"<WORKSPACE>","data\logs\gxt__graded_metrics.txt"
"<WORKSPACE>","data\logs\gxt__haptic_blocks_dissect.txt"
"<WORKSPACE>","data\logs\gxt__haptic_candidates.txt"
"<WORKSPACE>","data\logs\gxt__i2c_seqs.txt"
"<WORKSPACE>","data\logs\gxt__movw_movt_addrs.txt"
"<WORKSPACE>","data\logs\gxt__movw_movt_v2.txt"
"<WORKSPACE>","data\logs\gxt__nested_magic.json"
"<WORKSPACE>","data\logs\gxt__nested_magic.txt"
"<WORKSPACE>","data\logs\gxt__part_recheck.txt"
"<WORKSPACE>","data\logs\gxt__perm_analysis.txt"
"<WORKSPACE>","data\logs\gxt__ptr_vs_instr.txt"
"<WORKSPACE>","data\logs\gxt__region_1E000.txt"
"<WORKSPACE>","data\logs\gxt__region_1E000_byteswap.txt"
"<WORKSPACE>","data\logs\gxt__region_1E000_chain.txt"
"<WORKSPACE>","data\logs\gxt__region_1E000_instr.txt"
"<WORKSPACE>","data\logs\gxt__region_1E000_isa.txt"
"<WORKSPACE>","data\logs\gxt__region_1E000_mixscan.txt"
"<WORKSPACE>","data\logs\gxt__region_1E000_records.txt"
"<WORKSPACE>","data\logs\gxt__region_1E000_seg.txt"
"<WORKSPACE>","data\logs\gxt__round20_verify.txt"
"<WORKSPACE>","data\logs\gxt__round21_compression.txt"
"<WORKSPACE>","data\logs\gxt__round22_residual.txt"
"<WORKSPACE>","data\logs\gxt__round23_i2c_target.txt"
"<WORKSPACE>","data\logs\gxt__round24_i2c_final.txt"
"<WORKSPACE>","data\logs\gxt__round25_i2c_proof.txt"
"<WORKSPACE>","data\logs\gxt__round26_i2c_window.txt"
"<WORKSPACE>","data\logs\gxt__round27_helper2400.txt"
"<WORKSPACE>","data\logs\gxt__round28_periph_sites.txt"
"<WORKSPACE>","data\logs\gxt__round29_master_check.txt"
"<WORKSPACE>","data\logs\gxt__round30_spi_caller.txt"
"<WORKSPACE>","data\logs\gxt__round31_trace2.txt"
"<WORKSPACE>","data\logs\gxt__round32_haptic_path.txt"
"<WORKSPACE>","data\logs\gxt__round33_upper.txt"
"<WORKSPACE>","data\logs\gxt__round34_verify.txt"
"<WORKSPACE>","data\logs\gxt__round35_flash_caller.txt"
"<WORKSPACE>","data\logs\gxt__round36_flash_reality.txt"
"<WORKSPACE>","data\logs\gxt__round37_write_path.txt"
"<WORKSPACE>","data\logs\gxt__round38_entry.txt"
"<WORKSPACE>","data\logs\gxt__round39_final.txt"
"<WORKSPACE>","data\logs\gxt__round40_entry.txt"
"<WORKSPACE>","data\logs\gxt__round41_dispatch.txt"
"<WORKSPACE>","data\logs\gxt__round42_dispatcher.txt"
"<WORKSPACE>","data\logs\gxt__round44_correction.txt"
"<WORKSPACE>","data\logs\gxt__round45_usb.txt"
"<WORKSPACE>","data\logs\gxt__round46_partition.txt"
"<WORKSPACE>","data\logs\gxt__seg_structure.txt"
"<WORKSPACE>","data\logs\gxt__sid3_haptic_blocks.txt"
"<WORKSPACE>","data\logs\gxt__skeleton_final.txt"
"<WORKSPACE>","data\logs\gxt__summary.json"
"<WORKSPACE>","data\logs\gxt__tag_padding_check.txt"
"<WORKSPACE>","data\logs\gxt__tag_semantic.json"
"<WORKSPACE>","data\logs\gxt__tag_semantic.txt"
"<WORKSPACE>","data\logs\gxt__tag_table.json"
"<WORKSPACE>","data\logs\gxt__tag_table.txt"
"<WORKSPACE>","data\logs\gxt__tag_validate.json"
"<WORKSPACE>","data\logs\gxt__tag_validate.txt"
"<WORKSPACE>","data\logs\gxt__tag_walker_choice.json"
"<WORKSPACE>","data\logs\gxt__tail_deep.txt"
"<WORKSPACE>","data\logs\gxt__tail_mine.txt"
"<WORKSPACE>","data\logs\gxt__tail_plaintext.txt"
"<WORKSPACE>","data\logs\gxt__tail_ptrtable.txt"
"<WORKSPACE>","data\logs\gxt__task1_cfg_identify.txt"
"<WORKSPACE>","data\logs\gxt__template_54.txt"
"<WORKSPACE>","data\logs\gxt__thumb2_verdict.txt"
"<WORKSPACE>","data\logs\gxt__tlv_walk.txt"
"<WORKSPACE>","data\logs\gxt__tpfw_analyze.txt"
"<WORKSPACE>","data\logs\gxt__tpfw_baseline.json"
"<WORKSPACE>","data\logs\gxt__t_table_diag.txt"
"<WORKSPACE>","data\logs\gxt__VERDICT_FINAL.txt"
"<WORKSPACE>","data\logs\gxt__whitening_map.txt"
"<WORKSPACE>","data\logs\gxt__xor_model_test.json"
"<WORKSPACE>","data\logs\gxt__xor_model_test.txt"
"<WORKSPACE>","data\logs\gxt__xor_model_v2.txt"
"<WORKSPACE>","docs\10-journal\gxt__ROUND22_CALLER_TRACE_REPORT.md"
"<WORKSPACE>","docs\10-journal\gxt__ROUND23_COMMAND_ENTRY_REPORT.md"
"<WORKSPACE>","docs\10-journal\gxt__ROUND24_USB_AND_PARTITION_REPORT.md"
"<WORKSPACE>","docs\10-journal\gxt__ROUND47-59_FLASH_OFFSET_SEMANTICS_REPORT.md"
"<WORKSPACE>","docs\10-journal\gxt__ROUND60_OFFICIAL_SOURCE_SOLUTION.md"
"<WORKSPACE>","data\logs\gxt__00_SUMMARY.txt"
"<WORKSPACE>","data\logs\gxt__01_gxtp5100_properties.txt"
"<WORKSPACE>","data\logs\gxt__02_i2c_controllers.txt"
"<WORKSPACE>","data\logs\gxt__03_acpi_devices.txt"
"<WORKSPACE>","data\logs\gxt__03_acpi_devices_SKIPPED.txt"
"<WORKSPACE>","data\logs\gxt__04_acpi_registry.txt"
"<WORKSPACE>","data\logs\gxt__05_gxtp5100_registry.txt"
"<WORKSPACE>","data\logs\gxt__06_spb_connections.txt"
"<WORKSPACE>","docs\01-overview\gxt__README_INSTALL.md"
"<WORKSPACE>","docs\02-hardware\surf__2026-10-03-AW86927完整公开工具链已到手.md"
"<WORKSPACE>","docs\03-firmware\surf__2026-10-03-为什么他挖得到我们挖不到.md"
"<WORKSPACE>","docs\08-findings\surf__2026-10-03-代码10归因复核-主机侧还是固件侧.md"
"<WORKSPACE>","docs\03-firmware\surf__2026-10-03-怎么让触控板震动-完整答案.md"
"<WORKSPACE>","docs\03-firmware\surf__2026-10-03-网络查证结果-我错了三处.md"
"<WORKSPACE>","docs\03-firmware\surf__2026-10-03-蓝莓源码实证与一条新判据.md"
"<WORKSPACE>","tools\analysis\surf__aw86927_bus_decode.py"
"<WORKSPACE>","data\logs\surf__aw86927_regtxt.txt"
"<WORKSPACE>","data\logs\surf__calib.json"
"<WORKSPACE>","data\logs\surf__dmi.txt"
"<WORKSPACE>","tools\acpi-ec\surf__ec_accept.py"
"<WORKSPACE>","data\logs\surf__esp32haptic_tree.json"
"<WORKSPACE>","data\logs\surf__esp32ptp_tree.json"
"<WORKSPACE>","data\logs\surf__isflash_ffs_tree.txt"
"<WORKSPACE>","tools\hid\surf__isflash_lzma_dump.py"
"<WORKSPACE>","data\logs\surf__ml_tree.json"
"<WORKSPACE>","data\logs\surf__selftest_capture.csv"
"<WORKSPACE>","data\logs\surf__aw86927_full.txt"
"<WORKSPACE>","data\logs\surf__aw86927_replay.json"
"<WORKSPACE>","tools\firmware\surf__Install.bat"
"<WORKSPACE>","data\logs\surf__安装说明.txt"
"<WORKSPACE>","data\logs\lab__mup.xml"
"<WORKSPACE>","data\logs\lab__package.xml"
"<WORKSPACE>","data\logs\surf__index.json"
"<WORKSPACE>","data\logs\surf__esp32haptic_tree.json"
"<WORKSPACE>","tools\firmware\sfw__extract_haptic.py"
"<WORKSPACE>","docs\03-firmware\sfw__MANIFEST.md"
"<WORKSPACE>","tools\firmware\sfw__msi_decode.py"
"<WORKSPACE>","data\logs\sfw__msi_tables.json"
"<WORKSPACE>","docs\03-firmware\sfw__SAM_MSI_NOTES.md"
"<WORKSPACE>","docs\03-firmware\sfw__SURFACE-ANALYSIS.md"
"<WORKSPACE>","tools\firmware\sfw__dsp_layout.py"
"<WORKSPACE>","tools\acpi-ec\sfw__ec_inventory.py"
"<WORKSPACE>","tools\firmware\sfw__intensity_map.py"
"<WORKSPACE>","tools\firmware\sfw__sam_disasm.py"
"<WORKSPACE>","tools\firmware\sfw__sam_flow.py"
"<WORKSPACE>","tools\firmware\sfw__sam_startup.py"
"<WORKSPACE>","tools\firmware\sfw__sam_strings.py"
"<WORKSPACE>","tools\firmware\sfw__sam_tables.py"
"<WORKSPACE>","tools\bios\sfw__surface_capsule.py"
"<WORKSPACE>","tools\hid\sfw__touchpad_firmware.py"
"<WORKSPACE>","data\logs\sfw__touchpad_firmware_report.json"
"<WORKSPACE>","tools\hid\sfw__touchpad_form.py"
"<WORKSPACE>","data\logs\sfw__touchpad_form_report.json"
"<WORKSPACE>","tools\firmware\sfw__unpack_all.py"
"<WORKSPACE>","tools\firmware\sfw__wavetable.py"
"<WORKSPACE>","data\logs\sfw__control_report.json"
"<WORKSPACE>","data\logs\sfw__disasm_0.txt"
"<WORKSPACE>","data\logs\sfw__disasm_1.txt"
"<WORKSPACE>","data\logs\sfw__ec_inventory.json"
"<WORKSPACE>","data\logs\sfw__flow_0.json"
"<WORKSPACE>","data\logs\sfw__flow_1.json"
"<WORKSPACE>","data\logs\sfw__haptic_strings_0.json"
"<WORKSPACE>","data\logs\sfw__haptic_strings_1.json"
"<WORKSPACE>","data\logs\sfw__intensity_map.json"
"<WORKSPACE>","data\logs\sfw__report.json"
"<WORKSPACE>","data\logs\sfw__startup_ram_report.json"
"<WORKSPACE>","data\logs\sfw__strings_0.json"
"<WORKSPACE>","data\logs\sfw__strings_1.json"
"<WORKSPACE>","data\logs\sfw__string_diff.json"
"<WORKSPACE>","data\logs\sfw__string_summary.json"
"<WORKSPACE>","data\logs\sfw__tables_report.json"
"<WORKSPACE>","data\logs\sfw__report__2.json"
"<WORKSPACE>","data\logs\sfw__strings_0__2.json"
"<WORKSPACE>","data\logs\sfw__strings_0__2.json"
"<WORKSPACE>","data\logs\sfw__dsp_layout.json"
"<WORKSPACE>","data\logs\sfw__haptic_blocks_0.json"
"<WORKSPACE>","data\logs\sfw__haptic_blocks_0.json"
"<WORKSPACE>","data\logs\sfw__report__3.json"
"<WORKSPACE>","data\logs\sfw__strings_0__3.json"
"<WORKSPACE>","data\logs\sfw__strings_0__3.json"
"<WORKSPACE>","data\logs\sfw__wavetable_decode.json"
"<WORKSPACE>","data\logs\sfw__wavetable_report.json"
"<WORKSPACE>","data\logs\sfw__report__4.json"
"<WORKSPACE>","data\logs\sfw__strings_0__4.json"
"<WORKSPACE>","data\logs\sfw__strings_0__4.json"
"<WORKSPACE>","tools\firmware\sfw__analyze_components.py"
"<WORKSPACE>","tools\firmware\sfw__analyze_sam.py"
"<WORKSPACE>","tools\firmware\sfw__extract_sam_control.py"
"<WORKSPACE>","tools\firmware\extract_surface.py"
"<WORKSPACE>","data\logs\sfw__capsule_meta.json"
"<WORKSPACE>","data\logs\sfw__haptic_blocks.json"
"<WORKSPACE>","data\reference\lab__00-scan.rw"
"<WORKSPACE>","data\reference\lab__10-probe.rw"
"<WORKSPACE>","data\logs\probe__bb_repos.json"
"<WORKSPACE>","data\logs\probe__bcd-raw.txt"
"<WORKSPACE>","data\logs\probe__bcd-state.txt"
"<WORKSPACE>","data\logs\probe__boot-time.txt"
"<WORKSPACE>","data\logs\probe__diag-ps.txt"
"<WORKSPACE>","data\logs\probe__disable-device-status.txt"
"<WORKSPACE>","data\logs\probe__enable-device-status.txt"
"<WORKSPACE>","data\logs\surf__esp32haptic_tree.json"
"<WORKSPACE>","tools\analysis\probe__ghget.py"
"<WORKSPACE>","data\logs\probe__len.txt"
"<WORKSPACE>","docs\03-firmware\probe__pio_readme.md"
"<WORKSPACE>","data\logs\probe__pnp.txt"
"<WORKSPACE>","data\logs\probe__pnp.u8.txt"
"<WORKSPACE>","data\logs\lab___pnp_raw.txt"
"<WORKSPACE>","data\logs\probe__pnp3.txt"
"<WORKSPACE>","data\logs\probe__pnp3.txt"
"<WORKSPACE>","data\logs\probe__pnp3.txt"
"<WORKSPACE>","data\logs\probe__run-state.txt"
"<WORKSPACE>","data\logs\probe__rw-diag.txt"
"<WORKSPACE>","data\logs\probe__rw-diag2.txt"
"<WORKSPACE>","data\logs\probe__rw-diag3.txt"
"<WORKSPACE>","data\logs\probe__rw-diag4.txt"
"<WORKSPACE>","data\logs\probe__rw-launch-status.txt"
"<WORKSPACE>","data\logs\probe__rw-live.txt"
"<WORKSPACE>","data\logs\probe__rw-procs.txt"
"<WORKSPACE>","data\logs\probe__rw-procs2.txt"
"<WORKSPACE>","data\logs\probe__rwdrv-sig.txt"
"<WORKSPACE>","data\logs\probe__rwdrv-state.txt"
"<WORKSPACE>","docs\03-firmware\probe__t.md"
"<WORKSPACE>","tools\analysis\probe__winregenum.py"
"<WORKSPACE>","docs\01-overview\probe__README.md"
"<WORKSPACE>","docs\01-overview\probe__README.md"
"<WORKSPACE>","data\logs\probe__hackreadme.json"
"<WORKSPACE>","docs\01-overview\probe__Main__main__SYS__README.md"
"<WORKSPACE>","docs\03-firmware\probe__t.md"
"<WORKSPACE>","docs\01-overview\probe__README_CN.md"
"<WORKSPACE>","docs\01-overview\probe__README__2.md"
"<WORKSPACE>","docs\01-overview\probe__README__3.md"
"<WORKSPACE>","docs\01-overview\probe__README_CN__2.md"
"<LAB>\ctx.py","tools\analysis\root__ctx.py"
"<LAB>\GXTP5100-HID-usage-report.md","<WORKSPACE>"
"<LAB>\pdftext.py","tools\analysis\root__pdftext.py"
"<LAB>\slice.py","tools\analysis\root__slice.py"
"<LAB>\追加二十.md","docs\10-journal\old__追加二十-汇顶有没有带扳机的固件.md"
"<LAB>\追加二十一.md","docs\99-archived\old-line\old__追加二十一-更正-华为的滑动跟随震动不存在.md"
"<LAB>\追加二十三-官方源码定案.md","<WORKSPACE>"
"<LAB>\追加二十二.md","docs\99-archived\old-line\old__追加二十二-汇顶的触觉芯片不是扳机·抓包能回答什么.md"
"<LAB>\追加二十五-震动线收口.md","docs\99-archived\old-line\old__追加二十五-震动线收口与明文镜像的准确条件.md"
"<LAB>\追加二十六-X9-15线收束.md","docs\99-archived\old-line\old__追加二十六-X9-15线收束与马达归属定案.md"
"<LAB>\追加二十四-震动逻辑与固件修改目标.md","docs\10-journal\lab__DELTA-2026-09-29b-震动逻辑与固件修改目标.md"
"<LAB>\追加十-实测-32位读判否与字节序陷阱.md","docs\99-archived\old-line\old__追加十-实测-32位读判否与字节序陷阱.md"
"<LAB>\追加十一-仍可推进三项的收口.md","docs\99-archived\old-line\old__追加十一-仍可推进三项的收口.md"
"<LAB>\追加十七-三项纠正.md","docs\99-archived\old-line\old__追加十七-三项纠正与厂商驱动扫描的结构性结论.md"
"<LAB>\追加十三-硬件接入执行手册.md","docs\99-archived\old-line\old__追加十三-硬件接入执行手册（图纸·定义·连MCU·验证）.md"
"<LAB>\追加十九.md","docs\99-archived\old-line\old__追加十九-蓝莓的触控板如何与主机沟通.md"
"<LAB>\追加十二-命令语义总表·加密区判定.md","docs\10-journal\root__追加十二-命令语义总表·加密区判定.md"
"<LAB>\追加十五-纯软件实测-强度写入零影响.md","docs\99-archived\old-line\old__追加十五-纯软件实测-强度写入零影响但反推转发通道存在.md"
"<LAB>\追加十八-规范级定论.md","<WORKSPACE>"
"<LAB>\追加十六-生态定论.md","docs\99-archived\old-line\old__追加十六-生态定论-主机触发触觉需要设备声明什么.md"
"<LAB>\追加十四-39条命令语义读全.md","docs\99-archived\old-line\old__追加十四-39条命令语义读全·三条高危维护命令.md"
"<LAB>\pdfs\digi_ctx.txt","data\logs\root__digi_ctx.txt"
"<LAB>\pdfs\haptics_ctx.txt","data\logs\root__haptics_ctx.txt"
"<LAB>\pdfs\haptics_page.txt","data\logs\root__haptics_page.txt"
"<LAB>\pdfs\hutrr111.txt","data\logs\root__hutrr111.txt"
"<WORKSPACE>","data\logs\lab__dsdt_hex.txt"
"<WORKSPACE>","data\logs\lab__dsdt_hex.txt"
"<WORKSPACE>","<WORKSPACE>"
"<WORKSPACE>","data\logs\lab__dsdt_hex.txt"
"<WORKSPACE>","data\logs\lab__dsdt_hex.txt"
"<WORKSPACE>","<WORKSPACE>"
"<WORKSPACE>","<WORKSPACE>"
"<WORKSPACE>","<WORKSPACE>"
"<WORKSPACE>","tools\hid\lab__etwcheck.py"
"<WORKSPACE>","<WORKSPACE>"
"<WORKSPACE>","tools\hid\lab__hiddiag.py"
"<WORKSPACE>","<WORKSPACE>"
"<WORKSPACE>","<WORKSPACE>"
