source,reason
"<LAB>\touchpad-lab\HMM_TB14G6+IMH.pdf","扩展名 .pdf 不入库"
"<LAB>\touchpad-lab\LpcACPIEC.bin","扩展名 .bin 不入库"
"<LAB>\touchpad-lab\RESOURCE-STATUS.html","扩展名 .html 不入库"
"<LAB>\touchpad-lab\SmbusI801.bin","扩展名 .bin 不入库"
"<LAB>\touchpad-lab\SmbusIntelSkylakeIMC.bin","扩展名 .bin 不入库"
"<LAB>\touchpad-lab\acpi\iasl_decompile.log.err","扩展名 .err 不入库"
"<LAB>\touchpad-lab\acpi\tools\acpibin.exe","扩展名 .exe 不入库"
"<LAB>\touchpad-lab\acpi\tools\acpidump.exe","扩展名 .exe 不入库"
"<LAB>\touchpad-lab\acpi\tools\acpiexec.exe","扩展名 .exe 不入库"
"<LAB>\touchpad-lab\acpi\tools\acpihelp.exe","扩展名 .exe 不入库"
"<LAB>\touchpad-lab\acpi\tools\acpisrc.exe","扩展名 .exe 不入库"
"<LAB>\touchpad-lab\acpi\tools\acpixtract.exe","扩展名 .exe 不入库"
"<LAB>\touchpad-lab\acpi\tools\badcode.asl","扩展名 .asl 不入库"
"<LAB>\touchpad-lab\acpi\tools\iasl-win.zip","扩展名 .zip 不入库"
"<LAB>\touchpad-lab\acpi\tools\iasl.exe","扩展名 .exe 不入库"
"<LAB>\touchpad-lab\bios-re\EcCapsuleDxe.bin","扩展名 .bin 不入库"
"<LAB>\touchpad-lab\bios-re\GoodixTpDxe.bin","扩展名 .bin 不入库"
"<LAB>\touchpad-lab\bios-re\GT7868Q_native_fw.bin","扩展名 .bin 不入库"
"<LAB>\touchpad-lab\driver-patch\put_to_esp.bat.bak","扩展名 .bak 不入库"
"<LAB>\touchpad-lab\driver-patch\TpadAcpiProbe.efi","扩展名 .efi 不入库"
"<LAB>\touchpad-lab\driver-patch\TpadAcpiProbe_放进ESP用.efi","扩展名 .efi 不入库"
"<LAB>\touchpad-lab\driver-patch\edk2\TpadAcpiPatch.inf","扩展名 .inf 不入库"
"<LAB>\touchpad-lab\driver-patch\edk2\TpadAcpiProbe.inf","扩展名 .inf 不入库"
"<LAB>\touchpad-lab\driver-patch\edk2\TpadPkg.dsc","扩展名 .dsc 不入库"
"<LAB>\touchpad-lab\driver-patch\open-core-usb\EFI\BOOT\BOOTx64.efi","扩展名 .efi 不入库"
"<LAB>\touchpad-lab\driver-patch\open-core-usb\EFI\OC\config.plist","扩展名 .plist 不入库"
"<LAB>\touchpad-lab\driver-patch\open-core-usb\EFI\OC\OpenCore.efi","扩展名 .efi 不入库"
"<LAB>\touchpad-lab\driver-patch\open-core-usb\EFI\OC\Drivers\OpenRuntime.efi","扩展名 .efi 不入库"
"<LAB>\touchpad-lab\driver-patch\shell\OpenShell_x64.efi","扩展名 .efi 不入库"
"<LAB>\touchpad-lab\driver-patch\standalone\TpadAcpiPatch.efi","扩展名 .efi 不入库"
"<LAB>\touchpad-lab\driver-patch\standalone\TpadAcpiProbe.efi","扩展名 .efi 不入库"
"<LAB>\touchpad-lab\driver-patch\standalone\TpadBootTest.efi","扩展名 .efi 不入库"
"<LAB>\touchpad-lab\driver-patch\standalone\TpadClear.efi","扩展名 .efi 不入库"
"<LAB>\touchpad-lab\driver-patch\standalone\TpadInstall.efi","扩展名 .efi 不入库"
"<LAB>\touchpad-lab\driver-patch\usb\EFI\BOOT\BOOTX64.EFI","扩展名 .efi 不入库"
"<LAB>\touchpad-lab\driver-patch\usb\EFI\Tpad\TpadAcpiPatch.efi","扩展名 .efi 不入库"
"<LAB>\touchpad-lab\driver-patch\usb\EFI\Tpad\TpadAcpiProbe.efi","扩展名 .efi 不入库"
"<LAB>\touchpad-lab\driver-patch\usb\EFI\Tpad\TpadBootTest.efi","扩展名 .efi 不入库"
"<LAB>\touchpad-lab\driver-patch\usb\EFI\Tpad\TpadClear.efi","扩展名 .efi 不入库"
"<LAB>\touchpad-lab\dsdt-asl\iasl.exe","扩展名 .exe 不入库"
"<LAB>\touchpad-lab\gesture-lab\DumpPad.exe","扩展名 .exe 不入库"
"<LAB>\touchpad-lab\poc\aap-A.bin","扩展名 .bin 不入库"
"<LAB>\touchpad-lab\poc\aap-B.bin","扩展名 .bin 不入库"
"<LAB>\touchpad-lab\poc\ctx5F.bin","扩展名 .bin 不入库"
"<LAB>\touchpad-lab\poc\ctx74.bin","扩展名 .bin 不入库"
"<LAB>\touchpad-lab\poc\diff-A.bin","扩展名 .bin 不入库"
"<LAB>\touchpad-lab\poc\diff-B.bin","扩展名 .bin 不入库"
"<LAB>\touchpad-lab\poc\dumpA.bin","扩展名 .bin 不入库"
"<LAB>\touchpad-lab\poc\dumpFull1.bin","扩展名 .bin 不入库"
"<LAB>\touchpad-lab\poc\dumpHigh_A000.bin","扩展名 .bin 不入库"
"<LAB>\touchpad-lab\poc\feat_rid02.bin","扩展名 .bin 不入库"
"<LAB>\touchpad-lab\poc\feat_rid06.bin","扩展名 .bin 不入库"
"<LAB>\touchpad-lab\poc\feat_rid09.bin","扩展名 .bin 不入库"
"<LAB>\touchpad-lab\poc\feat_rid11.bin","扩展名 .bin 不入库"
"<LAB>\touchpad-lab\poc\feat_rid12.bin","扩展名 .bin 不入库"
"<LAB>\touchpad-lab\poc\feat_rid13.bin","扩展名 .bin 不入库"
"<LAB>\touchpad-lab\poc\press-log-before-thresh.json.bak","扩展名 .bak 不入库"
"<LAB>\touchpad-lab\poc\press.jsonl","扩展名 .jsonl 不入库"
"<LAB>\touchpad-lab\poc\pressA.bin","扩展名 .bin 不入库"
"<LAB>\touchpad-lab\poc\pressframe-backup.bin","扩展名 .bin 不入库"
"<LAB>\touchpad-lab\poc\ramPress.bin","扩展名 .bin 不入库"
"<LAB>\touchpad-lab\poc\ramRest.bin","扩展名 .bin 不入库"
"<LAB>\touchpad-lab\poc\relA.bin","扩展名 .bin 不入库"
"<LAB>\touchpad-lab\poc\rescan-pad.cmd","扩展名 .cmd 不入库"
"<LAB>\touchpad-lab\poc\reset-pad.cmd","扩展名 .cmd 不入库"
"<LAB>\touchpad-lab\poc\reset2.cmd","扩展名 .cmd 不入库"
"<LAB>\touchpad-lab\poc\scan-i2c2-i2c3.bat.v1-original","扩展名 .v1-original 不入库"
"<LAB>\touchpad-lab\poc\scan-i2c2-i2c3.bat.v2-utf8-ran","扩展名 .v2-utf8-ran 不入库"
"<LAB>\touchpad-lab\poc\threshold-backup.bin","扩展名 .bin 不入库"
"<LAB>\touchpad-lab\poc\win-touchpad-settings.png","扩展名 .png 不入库"
"<LAB>\touchpad-lab\poc\win-tp-2.png","扩展名 .png 不入库"
"<LAB>\touchpad-lab\poc\[c0 st0 len12]","扩展名  不入库"
"<LAB>\touchpad-lab\poc\[c0 st0 len16]","扩展名  不入库"
"<LAB>\touchpad-lab\poc\[c0 st0 len1]","扩展名  不入库"
"<LAB>\touchpad-lab\poc\[c0 st0 len27]","扩展名  不入库"
"<LAB>\touchpad-lab\poc\[c0 st0 len2]","扩展名  不入库"
"<LAB>\touchpad-lab\poc\[c0 st0 len32]","扩展名  不入库"
"<LAB>\touchpad-lab\poc\[c0 st0 len4]","扩展名  不入库"
"<LAB>\touchpad-lab\poc\[c0 st0 len60]","扩展名  不入库"
"<LAB>\touchpad-lab\poc\[c0 st0 len8]","扩展名  不入库"
"<LAB>\touchpad-lab\poc\[c1 st0 len60] [c1 st1 len60] [c1 st2 len60] [c1 st3 len60] [c0 st4 len16]","扩展名  不入库"
"<LAB>\touchpad-lab\poc\anchor-hunt\goodix_gt9896_fw.bin","扩展名 .bin 不入库"
"<LAB>\touchpad-lab\poc\anchor-hunt\goodix_gt9896_fw.bin.ihex","扩展名 .ihex 不入库"
"<LAB>\touchpad-lab\poc\anchor-hunt\GT7868Q_plain.bin","扩展名 .bin 不入库"
"<LAB>\touchpad-lab\poc\anchor-hunt\GT7868Q_scramble_key.bin","扩展名 .bin 不入库"
"<LAB>\touchpad-lab\poc\anchor-hunt\GT9896_plain.bin","扩展名 .bin 不入库"
"<LAB>\touchpad-lab\poc\anchor-hunt\GT9896_scramble_key.bin","扩展名 .bin 不入库"
"<LAB>\touchpad-lab\poc\decrypt-v2\GT7863_PNOR_G1_blocks.bin","扩展名 .bin 不入库"
"<LAB>\touchpad-lab\poc\decrypt-v2\GT7863_PNOR_G1_plain_data.bin","扩展名 .bin 不入库"
"<LAB>\touchpad-lab\poc\decrypt-v2\GT7868Q_2020_Catalog_blocks.bin","扩展名 .bin 不入库"
"<LAB>\touchpad-lab\poc\decrypt-v2\GT7868Q_2020_Catalog_plain_data.bin","扩展名 .bin 不入库"
"<LAB>\touchpad-lab\poc\decrypt-v2\GT7868Q_2024_本机_blocks.bin","扩展名 .bin 不入库"
"<LAB>\touchpad-lab\poc\decrypt-v2\GT7868Q_2024_本机_plain_data.bin","扩展名 .bin 不入库"
"<LAB>\touchpad-lab\poc\decrypt-v2\GT9896_blocks.bin","扩展名 .bin 不入库"
"<LAB>\touchpad-lab\poc\decrypt-v2\GT9896_plain_data.bin","扩展名 .bin 不入库"
"<LAB>\touchpad-lab\poc\fw-mod\TB14P_GT7868Q_14030522_20240202_TF100A-sens40to8.BIN","扩展名 .bin 不入库"
"<LAB>\touchpad-lab\poc\gdix-hid-fw\berlin_a_brla.h","第三方 C/C++ 源码不入库（见 vendor-refs/links.md）"
"<LAB>\touchpad-lab\poc\gdix-hid-fw\firmware_image.cpp","第三方 C/C++ 源码不入库（见 vendor-refs/links.md）"
"<LAB>\touchpad-lab\poc\gdix-hid-fw\firmware_image.h","第三方 C/C++ 源码不入库（见 vendor-refs/links.md）"
"<LAB>\touchpad-lab\poc\gdix-hid-fw\gt7868q_gt7868q.cpp","第三方 C/C++ 源码不入库（见 vendor-refs/links.md）"
"<LAB>\touchpad-lab\poc\gdix-hid-fw\gt7868q_gt7868q.h","第三方 C/C++ 源码不入库（见 vendor-refs/links.md）"
"<LAB>\touchpad-lab\poc\gdix-hid-fw\gt7868q_gt7868q_firmware_image.cpp","第三方 C/C++ 源码不入库（见 vendor-refs/links.md）"
"<LAB>\touchpad-lab\poc\gdix-hid-fw\gt7868q_gt7868q_firmware_image.h","第三方 C/C++ 源码不入库（见 vendor-refs/links.md）"
"<LAB>\touchpad-lab\poc\gdix-hid-fw\gt7868q_gt7868q_update.cpp","第三方 C/C++ 源码不入库（见 vendor-refs/links.md）"
"<LAB>\touchpad-lab\poc\gdix-hid-fw\gt7868q_gt7868q_update.h","第三方 C/C++ 源码不入库（见 vendor-refs/links.md）"
"<LAB>\touchpad-lab\poc\gdix-hid-fw\gtmodel.h","第三方 C/C++ 源码不入库（见 vendor-refs/links.md）"
"<LAB>\touchpad-lab\poc\gdix-hid-fw\gtp_util.h","第三方 C/C++ 源码不入库（见 vendor-refs/links.md）"
"<LAB>\touchpad-lab\poc\gdix-hid-fw\gtx3_gtx3.cpp","第三方 C/C++ 源码不入库（见 vendor-refs/links.md）"
"<LAB>\touchpad-lab\poc\gdix-hid-fw\gtx3_gtx3.h","第三方 C/C++ 源码不入库（见 vendor-refs/links.md）"
"<LAB>\touchpad-lab\poc\gdix-hid-fw\gtx3_gtx3_firmware_image.cpp","第三方 C/C++ 源码不入库（见 vendor-refs/links.md）"
"<LAB>\touchpad-lab\poc\gdix-hid-fw\gtx3_gtx3_firmware_image.h","第三方 C/C++ 源码不入库（见 vendor-refs/links.md）"
"<LAB>\touchpad-lab\poc\gdix-hid-fw\gtx3_gtx3_update.cpp","第三方 C/C++ 源码不入库（见 vendor-refs/links.md）"
"<LAB>\touchpad-lab\poc\gdix-hid-fw\gtx3_gtx3_update.h","第三方 C/C++ 源码不入库（见 vendor-refs/links.md）"
"<LAB>\touchpad-lab\poc\gdix-hid-fw\gtx8_gtx8.cpp","第三方 C/C++ 源码不入库（见 vendor-refs/links.md）"
"<LAB>\touchpad-lab\poc\gdix-hid-fw\gtx8_gtx8.h","第三方 C/C++ 源码不入库（见 vendor-refs/links.md）"
"<LAB>\touchpad-lab\poc\gdix-hid-fw\gtx8_gtx8_update.cpp","第三方 C/C++ 源码不入库（见 vendor-refs/links.md）"
"<LAB>\touchpad-lab\poc\gdix-hid-fw\gtx8_gtx8_update.h","第三方 C/C++ 源码不入库（见 vendor-refs/links.md）"
"<LAB>\touchpad-lab\poc\gdix-hid-fw\gtx9_gtx9_i2c_update.cpp","第三方 C/C++ 源码不入库（见 vendor-refs/links.md）"
"<LAB>\touchpad-lab\poc\gdix-hid-fw\gt_update.cpp","第三方 C/C++ 源码不入库（见 vendor-refs/links.md）"
"<LAB>\touchpad-lab\poc\gdix-hid-fw\gt_update.h","第三方 C/C++ 源码不入库（见 vendor-refs/links.md）"
"<LAB>\touchpad-lab\poc\gdix-hid-fw\main.cpp","第三方 C/C++ 源码不入库（见 vendor-refs/links.md）"
"<LAB>\touchpad-lab\poc\gdix-hid-fw\Makefile","扩展名  不入库"
"<LAB>\touchpad-lab\poc\gdix-hid-fw\marsei_marsei.h","第三方 C/C++ 源码不入库（见 vendor-refs/links.md）"
"<LAB>\touchpad-lab\poc\gdix-official-missing\gtx2_firmware_image.cpp","第三方 C/C++ 源码不入库（见 vendor-refs/links.md）"
"<LAB>\touchpad-lab\poc\gdix-official-missing\gtx2_gtx2.cpp","第三方 C/C++ 源码不入库（见 vendor-refs/links.md）"
"<LAB>\touchpad-lab\poc\gdix-official-missing\gtx2_gtx2.h","第三方 C/C++ 源码不入库（见 vendor-refs/links.md）"
"<LAB>\touchpad-lab\poc\gdix-official-missing\gtx2_gtx2_firmware_image.h","第三方 C/C++ 源码不入库（见 vendor-refs/links.md）"
"<LAB>\touchpad-lab\poc\gdix-official-missing\gtx2_gtx2_update.h","第三方 C/C++ 源码不入库（见 vendor-refs/links.md）"
"<LAB>\touchpad-lab\poc\gdix-official-missing\gtx2_update.cpp","第三方 C/C++ 源码不入库（见 vendor-refs/links.md）"
"<LAB>\touchpad-lab\poc\goodix-fw\goodixtouchpad.cat","扩展名 .cat 不入库"
"<LAB>\touchpad-lab\poc\goodix-fw\GoodixTouchpad.inf","扩展名 .inf 不入库"
"<LAB>\touchpad-lab\poc\goodix-fw\GOODIXTOUCHPADCAPSULE_22001E0D.Cap","扩展名 .cap 不入库"
"<LAB>\touchpad-lab\poc\goodix-fw\goodix_tp_fw_0.0.0.2.cab","扩展名 .cab 不入库"
"<LAB>\touchpad-lab\poc\goodix-fw\goodix_tp_payload.bin","扩展名 .bin 不入库"
"<LAB>\touchpad-lab\poc\gtx8-official\goodix_cfg_bin.c","第三方 C/C++ 源码不入库（见 vendor-refs/links.md）"
"<LAB>\touchpad-lab\poc\gtx8-official\goodix_cfg_bin.h","第三方 C/C++ 源码不入库（见 vendor-refs/links.md）"
"<LAB>\touchpad-lab\poc\gtx8-official\goodix_default_fw.h","第三方 C/C++ 源码不入库（见 vendor-refs/links.md）"
"<LAB>\touchpad-lab\poc\gtx8-official\goodix_gtx8_update.c","第三方 C/C++ 源码不入库（见 vendor-refs/links.md）"
"<LAB>\touchpad-lab\poc\gtx8-official\goodix_ts_core.c","第三方 C/C++ 源码不入库（见 vendor-refs/links.md）"
"<LAB>\touchpad-lab\poc\gtx8-official\goodix_ts_core.h","第三方 C/C++ 源码不入库（见 vendor-refs/links.md）"
"<LAB>\touchpad-lab\poc\gtx8-official\goodix_ts_gesture.c","第三方 C/C++ 源码不入库（见 vendor-refs/links.md）"
"<LAB>\touchpad-lab\poc\gtx8-official\goodix_ts_i2c.c","第三方 C/C++ 源码不入库（见 vendor-refs/links.md）"
"<LAB>\touchpad-lab\poc\gtx8-official\goodix_ts_tools.c","第三方 C/C++ 源码不入库（见 vendor-refs/links.md）"
"<LAB>\touchpad-lab\poc\gtx8-official\Kconfig","扩展名  不入库"
"<LAB>\touchpad-lab\poc\gtx8-official\Makefile","扩展名  不入库"
"<LAB>\touchpad-lab\poc\honor-fw\honor_system_fw_0.2.0.4.cab",">8MB"
"<LAB>\touchpad-lab\poc\honor-fw\LLPTL204.BIN",">8MB"
"<LAB>\touchpad-lab\poc\honor-fw\llptl204.cat","扩展名 .cat 不入库"
"<LAB>\touchpad-lab\poc\honor-fw\LLPTL204.inf","扩展名 .inf 不入库"
"<LAB>\touchpad-lab\poc\honor-fw\WHQL_Linhai_LLPTL204.hlkx",">8MB"
"<LAB>\touchpad-lab\poc\pkg\goodix-fw-tool.exe","扩展名 .exe 不入库"
"<LAB>\touchpad-lab\poc\pkg\extract\zip0\DellTouchpadUpdate_Hellcat_v0.2.2.100.exe","扩展名 .exe 不入库"
"<LAB>\touchpad-lab\poc\pkg\extract\zip1\DellTouchpadUpdate_Hellcat_v0.2.2.100.exe","扩展名 .exe 不入库"
"<LAB>\touchpad-lab\poc\pkg\extract\zip2\DellTouchpadUpdate_Hellcat_v0.2.2.100.exe","扩展名 .exe 不入库"
"<LAB>\touchpad-lab\poc\pkg\extract\zip3\DellTouchpadUpdate_Hellcat_v0.2.2.100.exe","扩展名 .exe 不入库"
"<LAB>\touchpad-lab\poc\pkg\extract\zip4\DellTouchpadUpdate_Hellcat_v0.2.2.100.exe","扩展名 .exe 不入库"
"<LAB>\touchpad-lab\poc\pkg\gt7936l\firmware.jcat","扩展名 .jcat 不入库"
"<LAB>\touchpad-lab\poc\pkg\gt7936l\fw.cab","扩展名 .cab 不入库"
"<LAB>\touchpad-lab\poc\pkg\gt7936l\GT7936L_16753412.bin","扩展名 .bin 不入库"
"<LAB>\touchpad-lab\poc\_logs\_etw\haptic-toggle.etl","扩展名 .etl 不入库"
"<LAB>\touchpad-lab\poc\_logs\_etw\haptic-toggle2.etl","扩展名 .etl 不入库"
"<LAB>\touchpad-lab\tools\BOOTX64_from_iso.efi","扩展名 .efi 不入库"
"<LAB>\touchpad-lab\vendor\AWINIC_AW86927FCR_datasheet.pdf","扩展名 .pdf 不入库"
"<LAB>\touchpad-lab\vendor\AWINIC_AW86927FCR_topmark_p2.png","扩展名 .png 不入库"
"<LAB>\touchpad-lab\vendor\chip2_qr.jpg","扩展名 .jpg 不入库"
"<LAB>\touchpad-lab\vendor\GoodixTouchpadTool.exe","扩展名 .exe 不入库"
"<LAB>\touchpad-lab\vendor\dup\DellTouchpadUpdate_Hellcat_v0.2.2.100.exe","扩展名 .exe 不入库"
"<LAB>\touchpad-lab\vendor\goodix-lvfs\firmware.jcat","扩展名 .jcat 不入库"
"<LAB>\touchpad-lab\vendor\goodix-lvfs\GT7936L_16753412.bin","扩展名 .bin 不入库"
"<WORKSPACE>",">8MB"
"<WORKSPACE>","扩展名 .bin 不入库"
"<WORKSPACE>","扩展名 .bin 不入库"
"<WORKSPACE>","扩展名 .bin 不入库"
"<WORKSPACE>","扩展名 .bin 不入库"
"<WORKSPACE>","扩展名 .bin 不入库"
"<WORKSPACE>","扩展名 .bin 不入库"
"<WORKSPACE>","扩展名 .bin 不入库"
"<WORKSPACE>","扩展名 .bin 不入库"
"<WORKSPACE>","扩展名 .bin 不入库"
"<WORKSPACE>","扩展名 .bin 不入库"
"<WORKSPACE>","扩展名 .bin 不入库"
"<WORKSPACE>","扩展名 .bin 不入库"
"<WORKSPACE>","扩展名 .bin 不入库"
"<WORKSPACE>","扩展名 .bin 不入库"
"<WORKSPACE>","扩展名 .bin 不入库"
"<WORKSPACE>","扩展名 .bin 不入库"
"<WORKSPACE>","扩展名 .bin 不入库"
"<WORKSPACE>","扩展名 .bin 不入库"
"<WORKSPACE>","扩展名 .bin 不入库"
"<WORKSPACE>","扩展名 .bin 不入库"
"<WORKSPACE>","扩展名 .bin 不入库"
"<WORKSPACE>","扩展名 .bin 不入库"
"<WORKSPACE>","扩展名 .bin 不入库"
"<WORKSPACE>","扩展名 .bin 不入库"
"<WORKSPACE>","扩展名 .bin 不入库"
"<WORKSPACE>","扩展名 .bin 不入库"
"<WORKSPACE>","扩展名 .bin 不入库"
"<WORKSPACE>","扩展名 .bin 不入库"
"<WORKSPACE>","扩展名 .bin 不入库"
"<WORKSPACE>",">8MB"
"<WORKSPACE>","扩展名 .dll 不入库"
"<WORKSPACE>","扩展名 .bin 不入库"
"<WORKSPACE>","扩展名 .bin 不入库"
"<WORKSPACE>","扩展名 .bin 不入库"
"<WORKSPACE>","扩展名 .wav 不入库"
"<WORKSPACE>","扩展名 .bin 不入库"
"<WORKSPACE>","扩展名 .pkl 不入库"
"<WORKSPACE>","扩展名 .exe 不入库"
"<WORKSPACE>",">8MB"
"<WORKSPACE>","扩展名 .bin 不入库"
"<WORKSPACE>","扩展名 .exe 不入库"
"<WORKSPACE>","扩展名 .cat 不入库"
"<WORKSPACE>","扩展名 .inf 不入库"
"<WORKSPACE>","扩展名 .sys 不入库"
"<WORKSPACE>","扩展名 .bin 不入库"
"<WORKSPACE>","扩展名 .bin 不入库"
"<WORKSPACE>","扩展名 .efi 不入库"
"<WORKSPACE>",">8MB"
"<WORKSPACE>",">8MB"
"<WORKSPACE>","扩展名 .ini 不入库"
"<WORKSPACE>","扩展名 .exe 不入库"
"<WORKSPACE>","扩展名 .bin 不入库"
"<WORKSPACE>","扩展名 .bin 不入库"
"<WORKSPACE>","扩展名 .bin 不入库"
"<WORKSPACE>","扩展名 .bin 不入库"
"<WORKSPACE>","扩展名 .bin 不入库"
"<WORKSPACE>","扩展名 .bin 不入库"
"<WORKSPACE>","扩展名 .bin 不入库"
"<WORKSPACE>","扩展名 .bin 不入库"
"<WORKSPACE>","扩展名 .bin 不入库"
"<WORKSPACE>","扩展名 .bin 不入库"
"<WORKSPACE>","扩展名 .bin 不入库"
"<WORKSPACE>","扩展名 .bin 不入库"
"<WORKSPACE>","扩展名 .bin 不入库"
"<WORKSPACE>","扩展名 .bin 不入库"
"<WORKSPACE>","扩展名 .html 不入库"
"<WORKSPACE>","扩展名 .html 不入库"
"<WORKSPACE>","扩展名 .bin 不入库"
"<WORKSPACE>","扩展名 .bin 不入库"
"<WORKSPACE>","扩展名 .bin 不入库"
"<WORKSPACE>","扩展名 .bin 不入库"
"<WORKSPACE>","扩展名 .bin 不入库"
"<WORKSPACE>","扩展名 .bin 不入库"
"<WORKSPACE>","扩展名 .bin 不入库"
"<WORKSPACE>","扩展名 .bin 不入库"
"<WORKSPACE>","扩展名 .bin 不入库"
"<WORKSPACE>","扩展名 .bin 不入库"
"<WORKSPACE>","扩展名 .bin 不入库"
"<WORKSPACE>","扩展名 .bin 不入库"
"<WORKSPACE>","扩展名 .bin 不入库"
"<WORKSPACE>","扩展名 .bin 不入库"
"<WORKSPACE>","扩展名 .bin 不入库"
"<WORKSPACE>","扩展名 .bin 不入库"
"<WORKSPACE>","扩展名 .bin 不入库"
"<WORKSPACE>","扩展名 .bin 不入库"
"<WORKSPACE>","扩展名 .bin 不入库"
"<WORKSPACE>","扩展名 .bin 不入库"
"<WORKSPACE>","扩展名 .bin 不入库"
"<WORKSPACE>","扩展名 .bin 不入库"
"<WORKSPACE>","扩展名 .bin 不入库"
"<WORKSPACE>","扩展名 .bin 不入库"
"<WORKSPACE>","扩展名 .bin 不入库"
"<WORKSPACE>","扩展名 .bin 不入库"
"<WORKSPACE>","扩展名 .bin 不入库"
"<WORKSPACE>","扩展名 .bin 不入库"
"<WORKSPACE>","扩展名 .bin 不入库"
"<WORKSPACE>","扩展名 .bin 不入库"
"<WORKSPACE>","扩展名 .bin 不入库"
"<WORKSPACE>","扩展名 .bin 不入库"
"<WORKSPACE>","扩展名 .bin 不入库"
"<WORKSPACE>","扩展名 .bin 不入库"
"<WORKSPACE>","扩展名 .bin 不入库"
"<WORKSPACE>","扩展名 .bin 不入库"
"<WORKSPACE>","扩展名 .bin 不入库"
"<WORKSPACE>","扩展名 .bin 不入库"
"<WORKSPACE>","扩展名 .bin 不入库"
"<WORKSPACE>","扩展名 .bin 不入库"
"<WORKSPACE>","扩展名 .bin 不入库"
"<WORKSPACE>","扩展名 .bin 不入库"
"<WORKSPACE>","扩展名 .bin 不入库"
"<WORKSPACE>","扩展名 .bin 不入库"
"<WORKSPACE>","扩展名 .bin 不入库"
"<WORKSPACE>","扩展名 .bin 不入库"
"<WORKSPACE>","扩展名 .bin 不入库"
"<WORKSPACE>","扩展名 .bin 不入库"
"<WORKSPACE>","扩展名 .bin 不入库"
"<WORKSPACE>","扩展名 .bin 不入库"
"<WORKSPACE>","扩展名 .bin 不入库"
"<WORKSPACE>","扩展名 .bin 不入库"
"<WORKSPACE>","扩展名 .bin 不入库"
"<WORKSPACE>","扩展名 .bin 不入库"
"<WORKSPACE>","扩展名 .bin 不入库"
"<WORKSPACE>","扩展名 .bin 不入库"
"<WORKSPACE>","扩展名 .bin 不入库"
"<WORKSPACE>","扩展名 .bin 不入库"
"<WORKSPACE>","扩展名 .bin 不入库"
"<WORKSPACE>","扩展名 .bin 不入库"
"<WORKSPACE>","扩展名 .bin 不入库"
"<WORKSPACE>","扩展名 .bin 不入库"
"<WORKSPACE>","扩展名 .bin 不入库"
"<WORKSPACE>","扩展名 .bin 不入库"
"<WORKSPACE>","扩展名 .bin 不入库"
"<WORKSPACE>","扩展名 .bin 不入库"
"<WORKSPACE>","扩展名 .bin 不入库"
"<WORKSPACE>","扩展名 .bin 不入库"
"<WORKSPACE>","扩展名 .bin 不入库"
"<WORKSPACE>","扩展名 .bin 不入库"
"<WORKSPACE>","扩展名 .bin 不入库"
"<WORKSPACE>","扩展名 .bin 不入库"
"<WORKSPACE>","扩展名 .bin 不入库"
"<WORKSPACE>","扩展名 .bin 不入库"
"<WORKSPACE>","扩展名 .bin 不入库"
"<WORKSPACE>","扩展名 .bin 不入库"
"<WORKSPACE>","扩展名 .bin 不入库"
"<WORKSPACE>","扩展名 .bin 不入库"
"<WORKSPACE>","扩展名 .bin 不入库"
"<WORKSPACE>","扩展名 .bin 不入库"
"<WORKSPACE>","扩展名 .bin 不入库"
"<WORKSPACE>","扩展名 .bin 不入库"
"<WORKSPACE>","扩展名 .bin 不入库"
"<WORKSPACE>","扩展名 .bin 不入库"
"<WORKSPACE>","扩展名 .bin 不入库"
"<WORKSPACE>","扩展名 .bin 不入库"
"<WORKSPACE>","扩展名 .bin 不入库"
"<WORKSPACE>","扩展名 .bin 不入库"
"<WORKSPACE>","扩展名 .bin 不入库"
"<WORKSPACE>","扩展名 .bin 不入库"
"<WORKSPACE>","扩展名 .bin 不入库"
"<WORKSPACE>","扩展名 .bin 不入库"
"<WORKSPACE>","扩展名 .bin 不入库"
"<WORKSPACE>","扩展名 .bin 不入库"
"<WORKSPACE>","扩展名 .bin 不入库"
"<WORKSPACE>","扩展名 .bin 不入库"
"<WORKSPACE>","扩展名 .bin 不入库"
"<WORKSPACE>","扩展名 .bin 不入库"
"<WORKSPACE>","扩展名 .bin 不入库"
"<WORKSPACE>","扩展名 .bin 不入库"
"<WORKSPACE>","扩展名 .bin 不入库"
"<WORKSPACE>","扩展名 .bin 不入库"
"<WORKSPACE>","扩展名 .bin 不入库"
"<WORKSPACE>","扩展名 .bin 不入库"
"<WORKSPACE>","扩展名 .bin 不入库"
"<WORKSPACE>","扩展名 .bin 不入库"
"<WORKSPACE>","扩展名 .bin 不入库"
"<WORKSPACE>","扩展名 .bin 不入库"
"<WORKSPACE>","扩展名 .bin 不入库"
"<WORKSPACE>","扩展名 .bin 不入库"
"<WORKSPACE>","扩展名 .bin 不入库"
"<WORKSPACE>","扩展名 .bin 不入库"
"<WORKSPACE>","扩展名 .bin 不入库"
"<WORKSPACE>","扩展名 .bin 不入库"
"<WORKSPACE>","扩展名 .bin 不入库"
"<WORKSPACE>","扩展名 .bin 不入库"
"<WORKSPACE>","扩展名 .bin 不入库"
"<WORKSPACE>","扩展名 .bin 不入库"
"<WORKSPACE>","扩展名 .bin 不入库"
"<WORKSPACE>","扩展名 .bin 不入库"
"<WORKSPACE>","扩展名 .bin 不入库"
"<WORKSPACE>","扩展名 .bin 不入库"
"<WORKSPACE>","扩展名 .bin 不入库"
"<WORKSPACE>","扩展名 .bin 不入库"
"<WORKSPACE>","扩展名 .bin 不入库"
"<WORKSPACE>","扩展名 .bin 不入库"
"<WORKSPACE>","扩展名 .bin 不入库"
"<WORKSPACE>","扩展名 .bin 不入库"
"<WORKSPACE>","扩展名 .bin 不入库"
"<WORKSPACE>","扩展名 .bin 不入库"
"<WORKSPACE>","扩展名 .bin 不入库"
"<WORKSPACE>","扩展名 .bin 不入库"
"<WORKSPACE>","扩展名 .bin 不入库"
"<WORKSPACE>","扩展名 .bin 不入库"
"<WORKSPACE>","扩展名 .bin 不入库"
"<WORKSPACE>","扩展名 .bin 不入库"
"<WORKSPACE>","扩展名 .bin 不入库"
"<WORKSPACE>","扩展名 .bin 不入库"
"<WORKSPACE>","扩展名 .bin 不入库"
"<WORKSPACE>","扩展名 .bin 不入库"
"<WORKSPACE>","扩展名 .bin 不入库"
"<WORKSPACE>","扩展名 .bin 不入库"
"<WORKSPACE>","扩展名 .bin 不入库"
"<WORKSPACE>","扩展名 .bin 不入库"
"<WORKSPACE>","扩展名 .bin 不入库"
"<WORKSPACE>","扩展名 .bin 不入库"
"<WORKSPACE>","扩展名 .bin 不入库"
"<WORKSPACE>","扩展名 .bin 不入库"
"<WORKSPACE>","扩展名 .bin 不入库"
"<WORKSPACE>","扩展名 .bin 不入库"
"<WORKSPACE>","扩展名 .bin 不入库"
"<WORKSPACE>","扩展名 .bin 不入库"
"<WORKSPACE>","扩展名 .bin 不入库"
"<WORKSPACE>","扩展名 .bin 不入库"
"<WORKSPACE>","扩展名 .bin 不入库"
"<WORKSPACE>","扩展名 .bin 不入库"
"<WORKSPACE>","扩展名 .bin 不入库"
"<WORKSPACE>","扩展名 .bin 不入库"
"<WORKSPACE>","扩展名 .bin 不入库"
"<WORKSPACE>","扩展名 .bin 不入库"
"<WORKSPACE>","扩展名 .bin 不入库"
"<WORKSPACE>","扩展名 .bin 不入库"
"<WORKSPACE>","扩展名 .bin 不入库"
"<WORKSPACE>","扩展名 .bin 不入库"
"<WORKSPACE>","扩展名 .bin 不入库"
"<WORKSPACE>","扩展名 .bin 不入库"
"<WORKSPACE>","扩展名 .bin 不入库"
"<WORKSPACE>","扩展名 .bin 不入库"
"<WORKSPACE>","扩展名 .bin 不入库"
"<WORKSPACE>","扩展名 .bin 不入库"
"<WORKSPACE>","扩展名 .bin 不入库"
"<WORKSPACE>","扩展名 .bin 不入库"
"<WORKSPACE>","扩展名 .bin 不入库"
"<WORKSPACE>","扩展名 .bin 不入库"
"<WORKSPACE>","扩展名 .bin 不入库"
"<WORKSPACE>","扩展名 .bin 不入库"
"<WORKSPACE>","扩展名 .bin 不入库"
"<WORKSPACE>","扩展名 .bin 不入库"
"<WORKSPACE>","扩展名 .bin 不入库"
"<WORKSPACE>","扩展名 .bin 不入库"
"<WORKSPACE>","扩展名 .bin 不入库"
"<WORKSPACE>","扩展名 .bin 不入库"
"<WORKSPACE>","扩展名 .bin 不入库"
"<WORKSPACE>","扩展名 .bin 不入库"
"<WORKSPACE>","扩展名 .bin 不入库"
"<WORKSPACE>","扩展名 .bin 不入库"
"<WORKSPACE>","扩展名 .bin 不入库"
"<WORKSPACE>","扩展名 .bin 不入库"
"<WORKSPACE>","扩展名 .bin 不入库"
"<WORKSPACE>","扩展名 .bin 不入库"
"<WORKSPACE>","扩展名 .bin 不入库"
"<WORKSPACE>","扩展名 .bin 不入库"
"<WORKSPACE>","扩展名 .bin 不入库"
"<WORKSPACE>","扩展名 .bin 不入库"
"<WORKSPACE>","扩展名 .bin 不入库"
"<WORKSPACE>","扩展名 .bin 不入库"
"<WORKSPACE>","扩展名 .bin 不入库"
"<WORKSPACE>","扩展名 .bin 不入库"
"<WORKSPACE>","扩展名 .bin 不入库"
"<WORKSPACE>","扩展名 .bin 不入库"
"<WORKSPACE>","扩展名 .bin 不入库"
"<WORKSPACE>","扩展名 .bin 不入库"
"<WORKSPACE>","扩展名 .bin 不入库"
"<WORKSPACE>","扩展名 .bin 不入库"
"<WORKSPACE>","扩展名 .bin 不入库"
"<WORKSPACE>","扩展名 .bin 不入库"
"<WORKSPACE>","扩展名 .bin 不入库"
"<WORKSPACE>","扩展名 .bin 不入库"
"<WORKSPACE>","扩展名 .bin 不入库"
"<WORKSPACE>","扩展名 .bin 不入库"
"<WORKSPACE>","扩展名 .bin 不入库"
"<WORKSPACE>","扩展名 .bin 不入库"
"<WORKSPACE>","扩展名 .bin 不入库"
"<WORKSPACE>","扩展名 .bin 不入库"
"<WORKSPACE>","扩展名 .bin 不入库"
"<WORKSPACE>","扩展名 .bin 不入库"
"<WORKSPACE>","扩展名 .bin 不入库"
"<WORKSPACE>","扩展名 .bin 不入库"
"<WORKSPACE>","扩展名 .bin 不入库"
"<WORKSPACE>","扩展名 .bin 不入库"
"<WORKSPACE>","扩展名 .bin 不入库"
"<WORKSPACE>","扩展名 .bin 不入库"
"<WORKSPACE>","扩展名 .bin 不入库"
"<WORKSPACE>","扩展名 .bin 不入库"
"<WORKSPACE>","扩展名 .bin 不入库"
"<WORKSPACE>","扩展名 .bin 不入库"
"<WORKSPACE>","扩展名 .bin 不入库"
"<WORKSPACE>","扩展名 .bin 不入库"
"<WORKSPACE>","扩展名 .bin 不入库"
"<WORKSPACE>","扩展名 .bin 不入库"
"<WORKSPACE>","扩展名 .bin 不入库"
"<WORKSPACE>","扩展名 .bin 不入库"
"<WORKSPACE>","扩展名 .bin 不入库"
"<WORKSPACE>","扩展名 .bin 不入库"
"<WORKSPACE>","扩展名 .bin 不入库"
"<WORKSPACE>","扩展名 .bin 不入库"
"<WORKSPACE>","扩展名 .bin 不入库"
"<WORKSPACE>","扩展名 .bin 不入库"
"<WORKSPACE>","扩展名 .bin 不入库"
"<WORKSPACE>","扩展名 .bin 不入库"
"<WORKSPACE>","扩展名 .bin 不入库"
"<WORKSPACE>","扩展名 .bin 不入库"
"<WORKSPACE>","扩展名 .bin 不入库"
"<WORKSPACE>","扩展名 .bin 不入库"
"<WORKSPACE>","扩展名 .bin 不入库"
"<WORKSPACE>","扩展名 .bin 不入库"
"<WORKSPACE>","扩展名 .bin 不入库"
"<WORKSPACE>","扩展名 .bin 不入库"
"<WORKSPACE>","扩展名 .bin 不入库"
"<WORKSPACE>","扩展名 .bin 不入库"
"<WORKSPACE>","扩展名 .bin 不入库"
"<WORKSPACE>","扩展名 .bin 不入库"
"<WORKSPACE>","扩展名 .bin 不入库"
"<WORKSPACE>","扩展名 .bin 不入库"
"<WORKSPACE>","扩展名 .bin 不入库"
"<WORKSPACE>","扩展名 .bin 不入库"
"<WORKSPACE>","扩展名 .bin 不入库"
"<WORKSPACE>","扩展名 .bin 不入库"
"<WORKSPACE>","扩展名 .bin 不入库"
"<WORKSPACE>","扩展名 .bin 不入库"
"<WORKSPACE>","扩展名 .bin 不入库"
"<WORKSPACE>","扩展名 .bin 不入库"
"<WORKSPACE>","扩展名 .bin 不入库"
"<WORKSPACE>","扩展名 .bin 不入库"
"<WORKSPACE>","扩展名 .bin 不入库"
"<WORKSPACE>","扩展名 .bin 不入库"
"<WORKSPACE>","扩展名 .bin 不入库"
"<WORKSPACE>","扩展名 .bin 不入库"
"<WORKSPACE>","扩展名 .bin 不入库"
"<WORKSPACE>","扩展名 .bin 不入库"
"<WORKSPACE>","扩展名 .bin 不入库"
"<WORKSPACE>","扩展名 .bin 不入库"
"<WORKSPACE>","扩展名 .bin 不入库"
"<WORKSPACE>","扩展名 .bin 不入库"
"<WORKSPACE>","扩展名 .bin 不入库"
"<WORKSPACE>","扩展名 .bin 不入库"
"<WORKSPACE>","扩展名 .bin 不入库"
"<WORKSPACE>","扩展名 .bin 不入库"
"<WORKSPACE>","扩展名 .bin 不入库"
"<WORKSPACE>","扩展名 .bin 不入库"
"<WORKSPACE>","扩展名 .bin 不入库"
"<WORKSPACE>","扩展名 .bin 不入库"
"<WORKSPACE>","扩展名 .bin 不入库"
"<WORKSPACE>","扩展名 .bin 不入库"
"<WORKSPACE>","扩展名 .bin 不入库"
"<WORKSPACE>","扩展名 .bin 不入库"
"<WORKSPACE>","扩展名 .bin 不入库"
"<WORKSPACE>","扩展名 .bin 不入库"
"<WORKSPACE>","扩展名 .bin 不入库"
"<WORKSPACE>","扩展名 .bin 不入库"
"<WORKSPACE>","扩展名 .bin 不入库"
"<WORKSPACE>","扩展名 .bin 不入库"
"<WORKSPACE>","扩展名 .bin 不入库"
"<WORKSPACE>","扩展名 .bin 不入库"
"<WORKSPACE>","扩展名 .bin 不入库"
"<WORKSPACE>","扩展名 .bin 不入库"
"<WORKSPACE>","扩展名 .bin 不入库"
"<WORKSPACE>","扩展名 .bin 不入库"
"<WORKSPACE>","扩展名 .bin 不入库"
"<WORKSPACE>","扩展名 .bin 不入库"
"<WORKSPACE>","扩展名 .bin 不入库"
"<WORKSPACE>","扩展名 .bin 不入库"
"<WORKSPACE>","扩展名 .bin 不入库"
"<WORKSPACE>","扩展名 .bin 不入库"
"<WORKSPACE>","扩展名 .bin 不入库"
"<WORKSPACE>","扩展名 .bin 不入库"
"<WORKSPACE>","扩展名 .bin 不入库"
"<WORKSPACE>","扩展名 .bin 不入库"
"<WORKSPACE>","扩展名 .bin 不入库"
"<WORKSPACE>","扩展名 .bin 不入库"
"<WORKSPACE>","扩展名 .bin 不入库"
"<WORKSPACE>","扩展名 .bin 不入库"
"<WORKSPACE>","扩展名 .bin 不入库"
"<WORKSPACE>","扩展名 .bin 不入库"
"<WORKSPACE>","扩展名 .bin 不入库"
"<WORKSPACE>","扩展名 .bin 不入库"
"<WORKSPACE>","扩展名 .cap 不入库"
"<WORKSPACE>","扩展名 .inf 不入库"
"<WORKSPACE>","扩展名 .inf 不入库"
"<WORKSPACE>","扩展名 .bin 不入库"
"<WORKSPACE>","扩展名 .bin 不入库"
"<WORKSPACE>","扩展名 .bin 不入库"
"<WORKSPACE>","扩展名 .cap 不入库"
"<WORKSPACE>","扩展名 .inf 不入库"
"<WORKSPACE>","第三方 C/C++ 源码不入库（见 vendor-refs/links.md）"
"<WORKSPACE>","扩展名 .inf 不入库"
"<WORKSPACE>","扩展名 .bin 不入库"
"<WORKSPACE>","扩展名 .quirks 不入库"
"<WORKSPACE>","扩展名 .bin 不入库"
"<WORKSPACE>","扩展名 .bin 不入库"
"<WORKSPACE>","扩展名 .bin 不入库"
"<WORKSPACE>","扩展名 .bin 不入库"
"<WORKSPACE>","扩展名 .bin 不入库"
"<WORKSPACE>","扩展名 .bin 不入库"
"<WORKSPACE>","扩展名 .bin 不入库"
"<WORKSPACE>","扩展名 .pkl 不入库"
"<WORKSPACE>","扩展名 .cmd 不入库"
"<WORKSPACE>","扩展名 .cmd 不入库"
"<WORKSPACE>","扩展名 .bin 不入库"
"<WORKSPACE>","扩展名 .bin 不入库"
"<WORKSPACE>","扩展名 .bin 不入库"
"<WORKSPACE>","扩展名 .bin 不入库"
"<WORKSPACE>","扩展名 .bin 不入库"
"<WORKSPACE>","扩展名 .bin 不入库"
"<WORKSPACE>","扩展名 .bin 不入库"
"<WORKSPACE>","扩展名 .bin 不入库"
"<WORKSPACE>","扩展名 .bin 不入库"
"<WORKSPACE>","扩展名 .bin 不入库"
"<WORKSPACE>","扩展名 .bin 不入库"
"<WORKSPACE>","扩展名 .bin 不入库"
"<WORKSPACE>","扩展名 .bin 不入库"
"<WORKSPACE>","扩展名 .bin 不入库"
"<WORKSPACE>","扩展名 .bin 不入库"
"<WORKSPACE>","扩展名 .bin 不入库"
"<WORKSPACE>","扩展名 .bin 不入库"
"<WORKSPACE>","扩展名 .bin 不入库"
"<WORKSPACE>","扩展名 .bin 不入库"
"<WORKSPACE>","扩展名 .png 不入库"
"<WORKSPACE>","扩展名 .png 不入库"
"<WORKSPACE>","扩展名 .png 不入库"
"<WORKSPACE>","扩展名 .png 不入库"
"<WORKSPACE>","扩展名 .png 不入库"
"<WORKSPACE>","扩展名 .png 不入库"
"<WORKSPACE>","扩展名 .png 不入库"
"<WORKSPACE>","扩展名 .png 不入库"
"<WORKSPACE>","扩展名 .cmd 不入库"
"<WORKSPACE>","扩展名 .cmd 不入库"
"<WORKSPACE>","扩展名 .cmd 不入库"
"<WORKSPACE>","扩展名 .exe 不入库"
"<WORKSPACE>","扩展名 .sys 不入库"
"<WORKSPACE>",">8MB"
"<WORKSPACE>","扩展名 .html 不入库"
"<WORKSPACE>",">8MB"
"<WORKSPACE>","扩展名 .bin 不入库"
"<WORKSPACE>","扩展名 .bin 不入库"
"<WORKSPACE>","扩展名 .bin 不入库"
"<WORKSPACE>","扩展名 .bin 不入库"
"<WORKSPACE>","扩展名 .bin 不入库"
"<WORKSPACE>","扩展名 .bin 不入库"
"<WORKSPACE>","扩展名 .bin 不入库"
"<WORKSPACE>","扩展名 .bin 不入库"
"<WORKSPACE>","扩展名 .bin 不入库"
"<WORKSPACE>","扩展名 .bin 不入库"
"<WORKSPACE>","扩展名 .bin 不入库"
"<WORKSPACE>","扩展名 .bin 不入库"
"<WORKSPACE>","扩展名 .efi 不入库"
"<WORKSPACE>","扩展名 .pat 不入库"
"<WORKSPACE>","扩展名 .pat 不入库"
"<WORKSPACE>","扩展名 .evs 不入库"
"<WORKSPACE>","扩展名 .efi 不入库"
"<WORKSPACE>",">8MB"
"<WORKSPACE>",">8MB"
"<WORKSPACE> Volume Information_WPSettings.dat","扩展名 .dat 不入库"
"<WORKSPACE>","扩展名 .bin 不入库"
"<WORKSPACE>","扩展名 .bin 不入库"
"<WORKSPACE>","扩展名 .bin 不入库"
"<WORKSPACE>",">8MB"
"<WORKSPACE>","扩展名 .bin 不入库"
"<WORKSPACE>","扩展名 .bin 不入库"
"<WORKSPACE>","扩展名 .bin 不入库"
"<WORKSPACE>","扩展名 .bin 不入库"
"<WORKSPACE>","扩展名 .bin 不入库"
"<WORKSPACE>","扩展名 .bin 不入库"
"<WORKSPACE>","扩展名 .bin 不入库"
"<WORKSPACE>","扩展名 .bin 不入库"
"<WORKSPACE>","扩展名 .bin 不入库"
"<WORKSPACE>","扩展名 .bin 不入库"
"<WORKSPACE>","扩展名 .bin 不入库"
"<WORKSPACE>","扩展名 .bin 不入库"
"<WORKSPACE>",">8MB"
"<WORKSPACE>","扩展名 .bin 不入库"
"<WORKSPACE>","扩展名 .bin 不入库"
"<WORKSPACE>","扩展名 .bin 不入库"
"<WORKSPACE>","扩展名 .bin 不入库"
"<WORKSPACE>","扩展名 .bin 不入库"
"<WORKSPACE>","扩展名 .bin 不入库"
"<WORKSPACE>","扩展名 .bin 不入库"
"<WORKSPACE>","扩展名 .bin 不入库"
"<WORKSPACE>","扩展名 .bin 不入库"
"<WORKSPACE>","扩展名 .reg 不入库"
"<WORKSPACE>","扩展名 .reg 不入库"
"<WORKSPACE>","扩展名 .reg 不入库"
"<WORKSPACE>","扩展名 .cmd 不入库"
"<WORKSPACE>","扩展名 .cmd 不入库"
"<WORKSPACE>","扩展名 .cmd 不入库"
"<WORKSPACE>","扩展名 .bin 不入库"
"<WORKSPACE>","扩展名 .bin 不入库"
"<WORKSPACE>","扩展名 .bin 不入库"
"<WORKSPACE>","扩展名 .bin 不入库"
"<WORKSPACE>","扩展名 .bin 不入库"
"<WORKSPACE>","扩展名 .bin 不入库"
"<WORKSPACE>","扩展名 .bin 不入库"
"<WORKSPACE>","扩展名 .bin 不入库"
"<WORKSPACE>","扩展名 .bin 不入库"
"<WORKSPACE>","扩展名 .bin 不入库"
"<WORKSPACE>","扩展名 .bin 不入库"
"<WORKSPACE>","扩展名 .bin 不入库"
"<WORKSPACE>","扩展名 .bin 不入库"
"<WORKSPACE>","扩展名 .bin 不入库"
"<WORKSPACE>","扩展名 .bin 不入库"
"<WORKSPACE>","扩展名 .cmd 不入库"
"<WORKSPACE>","扩展名 .inf 不入库"
"<WORKSPACE>","扩展名 .vcxproj 不入库"
"<WORKSPACE>","扩展名 .obj 不入库"
"<WORKSPACE>","扩展名 .sys 不入库"
"<WORKSPACE>","扩展名 .exe 不入库"
"<WORKSPACE>","扩展名 .obj 不入库"
"<WORKSPACE>","扩展名 .bin 不入库"
"<WORKSPACE>","扩展名 .bin 不入库"
"<WORKSPACE>","扩展名 .bin 不入库"
"<WORKSPACE>","扩展名 .bin 不入库"
"<WORKSPACE>","第三方 C/C++ 源码不入库（见 vendor-refs/links.md）"
"<WORKSPACE>","第三方 C/C++ 源码不入库（见 vendor-refs/links.md）"
"<WORKSPACE>","扩展名 .html 不入库"
"<WORKSPACE>","第三方 C/C++ 源码不入库（见 vendor-refs/links.md）"
"<WORKSPACE>","第三方 C/C++ 源码不入库（见 vendor-refs/links.md）"
"<WORKSPACE>","第三方 C/C++ 源码不入库（见 vendor-refs/links.md）"
"<WORKSPACE>","第三方 C/C++ 源码不入库（见 vendor-refs/links.md）"
"<WORKSPACE>","第三方 C/C++ 源码不入库（见 vendor-refs/links.md）"
"<WORKSPACE>","第三方 C/C++ 源码不入库（见 vendor-refs/links.md）"
"<WORKSPACE>","第三方 C/C++ 源码不入库（见 vendor-refs/links.md）"
"<WORKSPACE>","第三方 C/C++ 源码不入库（见 vendor-refs/links.md）"
"<WORKSPACE>","第三方 C/C++ 源码不入库（见 vendor-refs/links.md）"
"<WORKSPACE>","扩展名 .diff 不入库"
"<WORKSPACE>","扩展名 .zip 不入库"
"<WORKSPACE>","扩展名 .html 不入库"
"<WORKSPACE>","扩展名 .inf 不入库"
"<WORKSPACE>","扩展名 .sys 不入库"
"<WORKSPACE>","扩展名 .cat 不入库"
"<WORKSPACE>","扩展名 .exe 不入库"
"<WORKSPACE>","扩展名  不入库"
"<WORKSPACE>","扩展名  不入库"
"<WORKSPACE>","扩展名  不入库"
"<WORKSPACE>","扩展名  不入库"
"<WORKSPACE>","扩展名  不入库"
"<WORKSPACE>","扩展名  不入库"
"<WORKSPACE>",">8MB"
"<WORKSPACE>",">8MB"
"<WORKSPACE>","扩展名 .bin 不入库"
"<WORKSPACE>","扩展名 .bin 不入库"
"<WORKSPACE>","扩展名 .bin 不入库"
"<WORKSPACE>","扩展名 .bin 不入库"
"<WORKSPACE>","扩展名 .bin 不入库"
"<WORKSPACE>","扩展名 .bin 不入库"
"<WORKSPACE>","扩展名 .bin 不入库"
"<WORKSPACE>","扩展名 .bin 不入库"
"<WORKSPACE>","扩展名 .bin 不入库"
"<WORKSPACE>","扩展名 .bin 不入库"
"<WORKSPACE>","扩展名 .dll 不入库"
"<WORKSPACE>","扩展名 .wav 不入库"
"<WORKSPACE>","扩展名 .exe 不入库"
"<WORKSPACE>","扩展名 .exe 不入库"
"<WORKSPACE>","扩展名 .cat 不入库"
"<WORKSPACE>","扩展名 .inf 不入库"
"<WORKSPACE>","扩展名 .sys 不入库"
"<WORKSPACE>","扩展名 .efi 不入库"
"<WORKSPACE>",">8MB"
"<WORKSPACE>","扩展名 .ini 不入库"
"<WORKSPACE>","扩展名 .html 不入库"
"<WORKSPACE>","扩展名 .bin 不入库"
"<WORKSPACE>","第三方 C/C++ 源码不入库（见 vendor-refs/links.md）"
"<WORKSPACE>","第三方 C/C++ 源码不入库（见 vendor-refs/links.md）"
"<WORKSPACE>","扩展名 .bin 不入库"
"<WORKSPACE>","扩展名 .bin 不入库"
"<WORKSPACE>","扩展名 .bin 不入库"
"<WORKSPACE>","扩展名 .bin 不入库"
"<WORKSPACE>","扩展名 .bin 不入库"
"<WORKSPACE>","扩展名 .bin 不入库"
"<WORKSPACE>","扩展名 .bin 不入库"
"<WORKSPACE>","扩展名 .bin 不入库"
"<WORKSPACE>","扩展名 .bin 不入库"
"<WORKSPACE>","扩展名 .bin 不入库"
"<WORKSPACE>","扩展名 .bin 不入库"
"<WORKSPACE>","扩展名 .p7b 不入库"
"<WORKSPACE>","扩展名 .bin 不入库"
"<WORKSPACE>","扩展名 .bin 不入库"
"<WORKSPACE>","扩展名 .bin 不入库"
"<WORKSPACE>","扩展名 .bin 不入库"
"<WORKSPACE>","扩展名 .bin 不入库"
"<WORKSPACE>","扩展名 .bin 不入库"
"<WORKSPACE>","扩展名 .bin 不入库"
"<WORKSPACE>","扩展名 .bin 不入库"
"<WORKSPACE>","扩展名 .p7b 不入库"
"<WORKSPACE>","扩展名 .bin 不入库"
"<WORKSPACE>","扩展名 .bin 不入库"
"<WORKSPACE>","扩展名 .bin 不入库"
"<WORKSPACE>","扩展名 .bin 不入库"
"<WORKSPACE>","扩展名 .bin 不入库"
"<WORKSPACE>","扩展名 .bin 不入库"
"<WORKSPACE>","扩展名 .bin 不入库"
"<WORKSPACE>","扩展名 .bin 不入库"
"<WORKSPACE>","扩展名 .bin 不入库"
"<WORKSPACE>","扩展名 .bin 不入库"
"<WORKSPACE>","扩展名 .bin 不入库"
"<WORKSPACE>","扩展名 .p7b 不入库"
"<WORKSPACE>","扩展名 .bin 不入库"
"<WORKSPACE>","扩展名 .bin 不入库"
"<WORKSPACE>","扩展名 .bin 不入库"
"<WORKSPACE>","扩展名 .bin 不入库"
"<WORKSPACE>","扩展名 .bin 不入库"
"<WORKSPACE>","扩展名 .bin 不入库"
"<WORKSPACE>","扩展名 .bin 不入库"
"<WORKSPACE>","扩展名 .bin 不入库"
"<WORKSPACE>","扩展名 .p7b 不入库"
"<WORKSPACE>","扩展名 .bin 不入库"
"<WORKSPACE>","扩展名 .bin 不入库"
"<WORKSPACE>","扩展名 .bin 不入库"
"<WORKSPACE>","扩展名 .bin 不入库"
"<WORKSPACE>","扩展名 .bin 不入库"
"<WORKSPACE>","扩展名 .bin 不入库"
"<WORKSPACE>","扩展名 .bin 不入库"
"<WORKSPACE>","扩展名  不入库"
"<WORKSPACE>","扩展名  不入库"
"<WORKSPACE>","扩展名  不入库"
"<WORKSPACE>","扩展名  不入库"
"<WORKSPACE>","扩展名  不入库"
"<WORKSPACE>","扩展名  不入库"
"<WORKSPACE>","扩展名  不入库"
"<WORKSPACE>","扩展名  不入库"
"<WORKSPACE>","扩展名 .bin 不入库"
"<WORKSPACE>","扩展名 .bin 不入库"
"<WORKSPACE>","扩展名 .bin 不入库"
"<WORKSPACE>","扩展名 .bin 不入库"
"<WORKSPACE>","扩展名 .bin 不入库"
"<WORKSPACE>","扩展名 .p7b 不入库"
"<WORKSPACE>","扩展名 .bin 不入库"
"<WORKSPACE>","扩展名 .bin 不入库"
"<WORKSPACE>","扩展名 .bin 不入库"
"<WORKSPACE>","第三方 C/C++ 源码不入库（见 vendor-refs/links.md）"
"<WORKSPACE>","第三方 C/C++ 源码不入库（见 vendor-refs/links.md）"
"<WORKSPACE>","第三方 C/C++ 源码不入库（见 vendor-refs/links.md）"
"<WORKSPACE>","第三方 C/C++ 源码不入库（见 vendor-refs/links.md）"
"<WORKSPACE>","第三方 C/C++ 源码不入库（见 vendor-refs/links.md）"
"<WORKSPACE>","第三方 C/C++ 源码不入库（见 vendor-refs/links.md）"
"<WORKSPACE>","第三方 C/C++ 源码不入库（见 vendor-refs/links.md）"
"<WORKSPACE>","第三方 C/C++ 源码不入库（见 vendor-refs/links.md）"
"<WORKSPACE>","第三方 C/C++ 源码不入库（见 vendor-refs/links.md）"
"<WORKSPACE>","第三方 C/C++ 源码不入库（见 vendor-refs/links.md）"
"<WORKSPACE>","第三方 C/C++ 源码不入库（见 vendor-refs/links.md）"
"<WORKSPACE>","第三方 C/C++ 源码不入库（见 vendor-refs/links.md）"
"<WORKSPACE>","第三方 C/C++ 源码不入库（见 vendor-refs/links.md）"
"<WORKSPACE>","第三方 C/C++ 源码不入库（见 vendor-refs/links.md）"
"<WORKSPACE>","第三方 C/C++ 源码不入库（见 vendor-refs/links.md）"
"<WORKSPACE>","第三方 C/C++ 源码不入库（见 vendor-refs/links.md）"
"<WORKSPACE>","第三方 C/C++ 源码不入库（见 vendor-refs/links.md）"
"<WORKSPACE>","第三方 C/C++ 源码不入库（见 vendor-refs/links.md）"
"<WORKSPACE>","第三方 C/C++ 源码不入库（见 vendor-refs/links.md）"
"<WORKSPACE>","第三方 C/C++ 源码不入库（见 vendor-refs/links.md）"
"<WORKSPACE>","第三方 C/C++ 源码不入库（见 vendor-refs/links.md）"
"<WORKSPACE>","第三方 C/C++ 源码不入库（见 vendor-refs/links.md）"
"<WORKSPACE>","第三方 C/C++ 源码不入库（见 vendor-refs/links.md）"
"<WORKSPACE>","第三方 C/C++ 源码不入库（见 vendor-refs/links.md）"
"<WORKSPACE>","第三方 C/C++ 源码不入库（见 vendor-refs/links.md）"
"<WORKSPACE>","第三方 C/C++ 源码不入库（见 vendor-refs/links.md）"
"<WORKSPACE>","扩展名 .p 不入库"
"<WORKSPACE>","扩展名 .inc 不入库"
"<WORKSPACE>","扩展名 .inc 不入库"
"<WORKSPACE>","扩展名 .p 不入库"
"<WORKSPACE>","扩展名 .p 不入库"
"<WORKSPACE>","扩展名 .p 不入库"
"<WORKSPACE>","扩展名 .p 不入库"
"<WORKSPACE>","扩展名 .p 不入库"
"<WORKSPACE>","扩展名 .p 不入库"
"<WORKSPACE>","扩展名 .inc 不入库"
"<LAB>\触控板逆向-结论逻辑地图.html","扩展名 .html 不入库"
"<LAB>\pdfs\hut1_5.pdf","扩展名 .pdf 不入库"
"<LAB>\pdfs\hut1_5.txt",">8MB"
"<LAB>\pdfs\hutrr111-touchpadbuttonpressthreshold_0.pdf","扩展名 .pdf 不入库"
"<WORKSPACE>","扩展名 .html 不入库"
"<WORKSPACE>","扩展名 .html 不入库"
"<WORKSPACE>","扩展名 .png 不入库"
"<WORKSPACE>","扩展名 .png 不入库"
"<WORKSPACE>","扩展名 .png 不入库"
"<WORKSPACE>","扩展名 .png 不入库"
"<WORKSPACE>","扩展名 .html 不入库"
"<WORKSPACE>","扩展名 .jpg 不入库"
"<WORKSPACE>","扩展名 .bin 不入库"
"<WORKSPACE>","扩展名 .bin 不入库"
"<WORKSPACE>","扩展名 .bin 不入库"
"<WORKSPACE>","扩展名 .bin 不入库"
"<WORKSPACE>","扩展名 .html 不入库"
"<WORKSPACE>","扩展名 .html 不入库"
"<WORKSPACE>","扩展名 .bin 不入库"
"<WORKSPACE>","扩展名 .bin 不入库"
"<WORKSPACE>","扩展名 .html 不入库"
"<WORKSPACE>","扩展名 .bin 不入库"
"<WORKSPACE>","扩展名 .bin 不入库"
"<WORKSPACE>","扩展名 .cab 不入库"
"<WORKSPACE>","扩展名 .cab 不入库"
"<WORKSPACE>","扩展名 .cab 不入库"
"<WORKSPACE>","扩展名 .exe 不入库"
"<WORKSPACE>","扩展名 .exe 不入库"
"<WORKSPACE>","扩展名 .cab 不入库"
"<WORKSPACE>","扩展名 .cab 不入库"
"<WORKSPACE>","扩展名 .cfg 不入库"
"<WORKSPACE>","扩展名 .bin 不入库"
"<WORKSPACE>","扩展名 .cat 不入库"
"<WORKSPACE>","扩展名 .dll 不入库"
"<WORKSPACE>","扩展名 .inf 不入库"
"<WORKSPACE>","扩展名 .cfg 不入库"
"<WORKSPACE>","扩展名 .bin 不入库"
"<WORKSPACE>","扩展名 .cat 不入库"
"<WORKSPACE>","扩展名 .dll 不入库"
"<WORKSPACE>","扩展名 .inf 不入库"
"<WORKSPACE>","扩展名 .cfg 不入库"
"<WORKSPACE>","扩展名 .bin 不入库"
"<WORKSPACE>","扩展名 .cat 不入库"
"<WORKSPACE>","扩展名 .dll 不入库"
"<WORKSPACE>","扩展名 .inf 不入库"
"<WORKSPACE>","扩展名 .cat 不入库"
"<WORKSPACE>","扩展名 .inf 不入库"
"<WORKSPACE>","扩展名 .cap 不入库"
"<WORKSPACE>","扩展名 .cap 不入库"
"<WORKSPACE>","扩展名 .exe 不入库"
"<WORKSPACE>","扩展名 .exe 不入库"
"<LAB>\ca4f-hunt\AW86927FCR.pdf","扩展名 .pdf 不入库"
"<LAB>\ca4f-hunt\aw86927_addr_p20.png","扩展名 .png 不入库"
"<LAB>\ca4f-hunt\aw86927_p2.png","扩展名 .png 不入库"
"<LAB>\ca4f-hunt\aw86927_tbl3_p21.png","扩展名 .png 不入库"
"<LAB>\ca4f-hunt\aw8697_pcb.png","扩展名 .png 不入库"
"<LAB>\ca4f-hunt\aw8697_real.jpg","扩展名 .jpg 不入库"
"<LAB>\ca4f-hunt\aw_haptic.pdf","扩展名 .pdf 不入库"
"<LAB>\ca4f-hunt\aw_lowpower.pdf","扩展名 .pdf 不入库"
"<LAB>\ca4f-hunt\aw_p2.png","扩展名 .png 不入库"
"<LAB>\ca4f-hunt\aw_p4.png","扩展名 .png 不入库"
